model,tau_steps,tau_minutes,patient_id,precision,recall,f1,f2,tp,fp,fn
lstm_event,1,5,85101,0.03587443946188325,0.999999999999875,0.06926406926406867,0.15686274509803613,8,215,0
lstm_event,1,5,85102,0.07905982905982889,0.9999999999999729,0.14653465346534597,0.3003246753246729,37,431,0
lstm_event,1,5,85104,0.05521472392638003,0.9999999999998889,0.10465116279069647,0.22613065326632595,9,154,0
lstm_event,1,5,85105,0.14984709480122302,0.9702970297029607,0.2596026490066219,0.4631379962192796,98,556,3
lstm_event,1,5,85106,0.1847290640394084,0.9999999999999868,0.3118503118503105,0.5311614730878149,75,331,0
lstm_event,1,5,85107,0.041095890410958805,0.9999999999999445,0.07894736842105227,0.17647058823529235,18,420,0
lstm_event,1,5,85111,0.002915451895043723,0.9999999999989999,0.005813953488372058,0.014409221902017082,1,342,0
lstm_event,1,5,85112,0.07446808510638259,0.9999999999999286,0.13861386138613724,0.2868852459016335,14,174,0
lstm_event,1,5,85116,0.02643171806167395,0.8571428571427959,0.05128205128205106,0.11764705882352826,12,442,2
lstm_event,1,5,85117,0.11111111111111084,0.9999999999999791,0.19999999999999912,0.3846153846153816,48,384,0
lstm_event,1,5,85118,0.3744394618834072,0.9940476190476132,0.5439739413680764,0.7468694096601041,167,279,1
lstm_event,1,5,85119,0.1370967741935473,0.944444444444392,0.23943661971830646,0.433673469387744,17,107,1
lstm_event,1,5,85120,0.03448275862068847,0.16666666666663887,0.05714285714285388,0.09433962264150053,1,28,5
lstm_event,1,5,85121,0.09313725490196055,0.9743589743589494,0.17002237136465248,0.33687943262411046,38,370,1
lstm_event,1,5,85122,0.037533512064343064,0.8235294117646575,0.07179487179487143,0.15873015873015697,14,359,3
lstm_event,1,5,85123,0.315573770491802,0.9999999999999871,0.47975077881619643,0.6974637681159357,77,167,0
lstm_event,1,5,85124,0.15060240963855331,0.99999999999996,0.2617801047120391,0.46992481203006636,25,141,0
lstm_event,1,5,85125,0.16964285714285562,0.8636363636363245,0.2835820895522345,0.4749999999999882,19,93,3
lstm_event,1,5,85126,0.0,0.0,0.0,0.0,0,162,0
lstm_event,1,5,85201,0.09202453987730005,0.9999999999999333,0.16853932584269476,0.33632286995514943,15,148,0
lstm_event,1,5,85202,0.06796116504854303,0.9999999999998571,0.12727272727272496,0.2671755725190738,7,96,0
lstm_event,1,5,85204,0.27184466019417214,0.9655172413792771,0.4242424242424178,0.6392694063926795,28,75,1
lstm_event,1,5,85207,0.13150684931506812,0.9999999999999791,0.23244552058111265,0.43087971274685427,48,317,0
lstm_event,1,5,85208,0.062314540059346994,0.9999999999999525,0.11731843575418928,0.2494061757719685,21,316,0
lstm_event,1,5,85209,0.15975422427035305,0.9999999999999905,0.27549668874172106,0.48734770384254683,104,547,0
lstm_event,1,5,85211,0.2260869565217372,0.9999999999999616,0.36879432624112957,0.5936073059360595,26,89,0
lstm_event,1,5,85214,0.052631578947368286,0.9999999999999525,0.09999999999999952,0.21739130434782383,21,378,0
lstm_event,1,5,85215,0.10937499999999957,0.9999999999999644,0.1971830985915479,0.38043478260869046,28,228,0
lstm_event,1,5,85216,0.13333333333333314,0.9999999999999895,0.2352941176470582,0.4347826086956501,94,611,0
lstm_event,1,5,85217,0.05660377358490513,0.37499999999997663,0.09836065573770329,0.17647058823528894,6,100,10
lstm_event,1,5,85218,0.16224188790560423,0.9999999999999818,0.2791878172588818,0.4919499105545573,55,284,0
lstm_event,1,5,85219,0.02020202020202,0.9999999999995,0.03960396039603883,0.09345794392522927,2,97,0
lstm_event,1,5,85220,0.2758620689655159,0.9999999999999821,0.4324324324324291,0.6557377049180252,56,147,0
lstm_event,1,5,85221,0.05660377358490513,0.9999999999998334,0.10714285714285524,0.23076923076922187,6,100,0
lstm_event,1,5,85222,0.14666666666666633,0.9999999999999849,0.2558139534883711,0.4621848739495765,66,384,0
lstm_event,1,5,85224,0.1240310077519375,0.9999999999999687,0.22068965517241224,0.41450777202072,32,226,0
lstm_event,2,10,85101,0.04484304932735406,0.9999999999999,0.08583690987124391,0.19011406844106102,10,213,0
lstm_event,2,10,85102,0.09615384615384594,0.9999999999999777,0.17543859649122737,0.3472222222222195,45,423,0
lstm_event,2,10,85104,0.07361963190184004,0.9999999999999166,0.1371428571428556,0.284360189573453,12,151,0
lstm_event,2,10,85105,0.17737003058103948,0.9354838709677344,0.2982005141388167,0.5043478260869543,116,538,8
lstm_event,2,10,85106,0.21428571428571375,0.9999999999999886,0.35294117647058676,0.5769230769230731,87,319,0
lstm_event,2,10,85107,0.052511415525114034,0.9999999999999566,0.09978308026030325,0.21698113207546968,23,415,0
lstm_event,2,10,85111,0.005830903790087446,0.9999999999995,0.011594202898550655,0.02849002849002808,2,341,0
lstm_event,2,10,85112,0.09042553191489314,0.9999999999999413,0.16585365853658374,0.3320312499999935,17,171,0
lstm_event,2,10,85116,0.033039647577092435,0.7894736842104848,0.0634249471458771,0.14150943396226282,15,439,4
lstm_event,2,10,85117,0.13425925925925894,0.9999999999999827,0.23673469387755006,0.4367469879518039,58,374,0
lstm_event,2,10,85118,0.4035874439461874,0.9890109890109836,0.5732484076433103,0.7666098807495707,180,266,2
lstm_event,2,10,85119,0.16129032258064388,0.9090909090908679,0.2739726027397223,0.4716981132075361,20,104,2
lstm_event,2,10,85120,0.06896551724137694,0.22222222222219754,0.10526315789473131,0.15384615384614203,2,27,7
lstm_event,2,10,85121,0.10294117647058798,0.9545454545454328,0.18584070796460095,0.3595890410958873,42,366,2
lstm_event,2,10,85122,0.04557640750670229,0.809523809523771,0.08629441624365437,0.18599562363238306,17,356,4
lstm_event,2,10,85123,0.3442622950819658,0.9999999999999881,0.5121951219512163,0.7241379310344765,84,160,0
lstm_event,2,10,85124,0.17469879518072184,0.9999999999999656,0.2974358974358944,0.5141843971631115,29,137,0
lstm_event,2,10,85125,0.19642857142856968,0.8148148148147847,0.31654676258992354,0.4999999999999886,22,90,5
lstm_event,2,10,85126,0.0,0.0,0.0,0.0,0,162,0
lstm_event,2,10,85201,0.11042944785276006,0.9999999999999445,0.1988950276243072,0.38297872340424716,18,145,0
lstm_event,2,10,85202,0.08737864077669819,0.9999999999998889,0.16071428571428284,0.323741007194233,9,94,0
lstm_event,2,10,85204,0.30097087378640486,0.8857142857142604,0.44927536231883397,0.6378600823045136,31,72,4
lstm_event,2,10,85207,0.15890410958904064,0.9999999999999827,0.2742316784869963,0.4857621440535972,58,307,0
lstm_event,2,10,85208,0.08011869436201756,0.999999999999963,0.14835164835164755,0.3033707865168505,27,310,0
lstm_event,2,10,85209,0.18125960061443905,0.9915966386554539,0.3064935064935057,0.5235137533274156,118,533,1
lstm_event,2,10,85211,0.2521739130434761,0.9666666666666345,0.3999999999999945,0.6170212765957316,29,86,1
lstm_event,2,10,85214,0.057644110275689074,0.9999999999999566,0.10900473933649235,0.23421588594704446,23,376,0
lstm_event,2,10,85215,0.1249999999999995,0.9999999999999687,0.22222222222222066,0.41666666666666125,32,224,0
lstm_event,2,10,85216,0.14893617021276573,0.9999999999999906,0.2592592592592586,0.46666666666666456,105,600,0
lstm_event,2,10,85217,0.06603773584905598,0.3888888888888673,0.11290322580644979,0.19662921348314055,7,99,11
lstm_event,2,10,85218,0.19174041297935046,0.9999999999999847,0.3217821782178202,0.5425709515859721,65,274,0
lstm_event,2,10,85219,0.03030303030303,0.9999999999996666,0.05882352941176356,0.13513513513512904,3,96,0
lstm_event,2,10,85220,0.3201970443349738,0.9999999999999847,0.4850746268656681,0.7019438444924331,65,138,0
lstm_event,2,10,85221,0.06603773584905598,0.9999999999998571,0.12389380530973232,0.2611940298507365,7,99,0
lstm_event,2,10,85222,0.16444444444444406,0.9999999999999866,0.2824427480916019,0.49597855227881704,74,376,0
lstm_event,2,10,85224,0.14341085271317772,0.9999999999999729,0.2508474576271169,0.45566502463053615,37,221,0
lstm_event,3,15,85101,0.05381165919282487,0.9999999999999166,0.1021276595744672,0.22140221402213614,12,211,0
lstm_event,3,15,85102,0.113247863247863,0.9999999999999811,0.2034548944337804,0.3897058823529383,53,415,0
lstm_event,3,15,85104,0.09202453987730005,0.9999999999999333,0.16853932584269476,0.33632286995514943,15,148,0
lstm_event,3,15,85105,0.19877675840978562,0.9027777777777716,0.32581453634085134,0.5284552845528434,130,524,14
lstm_event,3,15,85106,0.23891625615763487,0.9999999999999898,0.3856858846918474,0.6108312342569231,97,309,0
lstm_event,3,15,85107,0.061643835616438214,0.9642857142856799,0.11587982832617975,0.2454545454545432,27,411,1
lstm_event,3,15,85111,0.00874635568513117,0.9999999999996666,0.017341040462427647,0.042253521126759966,3,340,0
lstm_event,3,15,85112,0.10638297872340369,0.99999999999995,0.19230769230769046,0.373134328358202,20,168,0
lstm_event,3,15,85116,0.03744493392070476,0.7083333333333038,0.07112970711297041,0.1545454545454531,17,437,7
lstm_event,3,15,85117,0.15509259259259223,0.9852941176470444,0.2679999999999989,0.4758522727272694,67,365,1
lstm_event,3,15,85118,0.4349775784753353,0.9897959183673419,0.604361370716509,0.7886178861788585,194,252,2
lstm_event,3,15,85119,0.17741935483870824,0.8461538461538136,0.2933333333333294,0.4824561403508666,22,102,4
lstm_event,3,15,85120,0.1034482758620654,0.24999999999997916,0.146341463414627,0.19480519480518219,3,26,9
lstm_event,3,15,85121,0.1127450980392154,0.9387755102040625,0.20131291028446296,0.38079470198675175,46,362,3
lstm_event,3,15,85122,0.05361930294906152,0.7999999999999681,0.10050251256281356,0.2114164904862557,20,353,5
lstm_event,3,15,85123,0.36885245901639196,0.9999999999999889,0.5389221556886196,0.7450331125827754,90,154,0
lstm_event,3,15,85124,0.19879518072289037,0.9999999999999697,0.3316582914572831,0.5536912751677759,33,133,0
lstm_event,3,15,85125,0.2142857142857124,0.7741935483870719,0.335664335664331,0.5084745762711756,24,88,7
lstm_event,3,15,85126,0.0,0.0,0.0,0.0,0,162,0
lstm_event,3,15,85201,0.12883435582822006,0.9999999999999525,0.22826086956521488,0.4251012145748902,21,142,0
lstm_event,3,15,85202,0.10679611650485334,0.9999999999999091,0.19298245614034748,0.3741496598639329,11,92,0
lstm_event,3,15,85204,0.32038834951456,0.8048780487804681,0.458333333333327,0.617977528089876,33,70,8
lstm_event,3,15,85207,0.18082191780821866,0.985074626865657,0.3055555555555541,0.5213270142180053,66,299,1
lstm_event,3,15,85208,0.09792284866468813,0.9999999999999697,0.17837837837837742,0.35181236673773614,33,304,0
lstm_event,3,15,85209,0.20122887864823316,0.9776119402985002,0.33375796178343864,0.5518112889637719,131,520,3
lstm_event,3,15,85211,0.278260869565215,0.9411764705882075,0.4295302013422762,0.6374501992031746,32,83,2
lstm_event,3,15,85214,0.06265664160400987,0.99999999999996,0.11792452830188624,0.2505010020040055,25,374,0
lstm_event,3,15,85215,0.14062499999999944,0.9999999999999721,0.24657534246575175,0.4499999999999944,36,220,0
lstm_event,3,15,85216,0.16453900709219835,0.9999999999999915,0.2825822168087691,0.4961505560307935,116,589,0
lstm_event,3,15,85217,0.07547169811320684,0.39999999999998004,0.12698412698412498,0.21505376344085447,8,98,12
lstm_event,3,15,85218,0.21533923303834743,0.9864864864864732,0.35351089588377554,0.5748031496062946,73,266,1
lstm_event,3,15,85219,0.04040404040404,0.99999999999975,0.07766990291261985,0.17391304347825332,4,95,0
lstm_event,3,15,85220,0.3596059113300475,0.9999999999999863,0.528985507246373,0.73737373737373,73,130,0
lstm_event,3,15,85221,0.07547169811320684,0.999999999999875,0.14035087719297998,0.28985507246375763,8,98,0
lstm_event,3,15,85222,0.1822222222222218,0.9999999999999879,0.3082706766917282,0.5269922879177344,82,368,0
lstm_event,3,15,85224,0.16279069767441795,0.9999999999999761,0.2799999999999981,0.4929577464788674,42,216,0
lstm_event,4,20,85101,0.058295964125560276,0.9285714285713622,0.10970464135021005,0.23297491039426105,13,210,1
lstm_event,4,20,85102,0.13034188034188005,0.9999999999999836,0.23062381852551894,0.42837078651685095,61,407,0
lstm_event,4,20,85104,0.11042944785276006,0.9999999999999445,0.1988950276243072,0.38297872340424716,18,145,0
lstm_event,4,20,85105,0.22018348623853176,0.8780487804877996,0.3520782396088011,0.5496183206106849,144,510,20
lstm_event,4,20,85106,0.263546798029556,0.9999999999999907,0.4171539961013629,0.641486810551555,107,299,0
lstm_event,4,20,85107,0.06849315068493135,0.9374999999999707,0.12765957446808457,0.26501766784452063,30,408,2
lstm_event,4,20,85111,0.011661807580174892,0.99999999999975,0.023054755043227532,0.05571030640668446,4,339,0
lstm_event,4,20,85112,0.11702127659574406,0.9565217391303933,0.2085308056872018,0.39285714285713585,22,166,1
lstm_event,4,20,85116,0.04185022026431709,0.6551724137930809,0.07867494824016531,0.16666666666666521,19,435,10
lstm_event,4,20,85117,0.1736111111111107,0.9615384615384492,0.2941176470588224,0.5040322580645127,75,357,3
lstm_event,4,20,85118,0.4573991031390124,0.9760765550239188,0.6229007633587768,0.7956318252730077,204,242,5
lstm_event,4,20,85119,0.19354838709677263,0.7999999999999734,0.31168831168830763,0.4918032786885146,24,100,6
lstm_event,4,20,85120,0.13793103448275387,0.2666666666666489,0.18181818181817355,0.2247191011235829,4,25,11
lstm_event,4,20,85121,0.12254901960784283,0.9259259259259087,0.21645021645021548,0.40064102564102244,50,358,4
lstm_event,4,20,85122,0.061662198391420744,0.7931034482758348,0.11442786069651684,0.23517382413087692,23,350,6
lstm_event,4,20,85123,0.39344262295081806,0.9999999999999897,0.564705882352938,0.7643312101910769,96,148,0
lstm_event,4,20,85124,0.21686746987951677,0.9729729729729466,0.35467980295566154,0.573248407643303,36,130,1
lstm_event,4,20,85125,0.23214285714285507,0.7428571428571216,0.35374149659863463,0.5158730158730056,26,86,9
lstm_event,4,20,85126,0.0,0.0,0.0,0.0,0,162,0
lstm_event,4,20,85201,0.14723926380368008,0.9999999999999584,0.2566844919786069,0.4633204633204544,24,139,0
lstm_event,4,20,85202,0.1262135922330085,0.9999999999999231,0.2241379310344789,0.419354838709664,13,90,0
lstm_event,4,20,85204,0.32038834951456,0.7021276595744531,0.4399999999999942,0.5670103092783408,33,70,14
lstm_event,4,20,85207,0.2027397260273967,0.973684210526303,0.3356009070294769,0.5530642750373651,74,291,2
lstm_event,4,20,85208,0.1157270029673587,0.9999999999999744,0.2074468085106372,0.3955375253549655,39,298,0
lstm_event,4,20,85209,0.21812596006144358,0.959459459459453,0.3554443053817262,0.5711987127916309,142,509,6
lstm_event,4,20,85211,0.3043478260869539,0.921052631578923,0.4575163398692751,0.6554307116104746,35,80,3
lstm_event,4,20,85214,0.06766917293233066,0.999999999999963,0.12676056338028108,0.2662721893491098,27,372,0
lstm_event,4,20,85215,0.1562499999999994,0.9999999999999749,0.27027027027026845,0.4807692307692249,40,216,0
lstm_event,4,20,85216,0.18014184397163094,0.9999999999999921,0.3052884615384608,0.523495465787302,127,578,0
lstm_event,4,20,85217,0.0849056603773577,0.4090909090908905,0.14062499999999784,0.23195876288659195,9,97,13
lstm_event,4,20,85218,0.23303834808259516,0.9634146341463298,0.37529691211401245,0.5922038980509701,79,260,3
lstm_event,4,20,85219,0.05050505050505,0.9999999999997999,0.09615384615384431,0.21008403361343655,5,94,0
lstm_event,4,20,85220,0.3842364532019686,0.9873417721518863,0.5531914893616983,0.7514450867051952,78,125,1
lstm_event,4,20,85221,0.0849056603773577,0.9999999999998889,0.15652173913043205,0.31690140845069303,9,97,0
lstm_event,4,20,85222,0.19999999999999954,0.9999999999999889,0.3333333333333321,0.5555555555555521,90,360,0
lstm_event,4,20,85224,0.17829457364341014,0.9787234042552982,0.30163934426229305,0.5156950672645682,46,212,1
lstm_event,5,25,85101,0.06278026905829569,0.8749999999999454,0.1171548117154802,0.243902439024386,14,209,2
lstm_event,5,25,85102,0.1474358974358971,0.9999999999999856,0.2569832402234627,0.46370967741935176,69,399,0
lstm_event,5,25,85104,0.12269938650306673,0.9523809523809071,0.21739130434782375,0.4048582995951335,20,143,1
lstm_event,5,25,85105,0.23853211009174274,0.852459016393438,0.37275985663082345,0.5627705627705608,156,498,27
lstm_event,5,25,85106,0.2881773399014771,0.9999999999999915,0.4474187380497115,0.6693363844393554,117,289,0
lstm_event,5,25,85107,0.07534246575342449,0.9166666666666412,0.13924050632911333,0.2835051546391728,33,405,3
lstm_event,5,25,85111,0.014577259475218615,0.9999999999997999,0.028735632183907876,0.068870523415977,5,338,0
lstm_event,5,25,85112,0.12234042553191425,0.8846153846153506,0.21495327102803538,0.39383561643834936,23,165,3
lstm_event,5,25,85116,0.04625550660792941,0.6176470588235112,0.08606557377049144,0.17796610169491375,21,433,13
lstm_event,5,25,85117,0.19212962962962918,0.9431818181818076,0.319230769230768,0.5293367346938742,83,349,5
lstm_event,5,25,85118,0.4820627802690572,0.9684684684684641,0.6437125748502975,0.805847076461766,215,231,7
lstm_event,5,25,85119,0.20161290322580483,0.7352941176470371,0.3164556962025276,0.48076923076922146,25,99,9
lstm_event,5,25,85120,0.17241379310344235,0.27777777777776236,0.21276595744679946,0.2475247524752353,5,24,13
lstm_event,5,25,85121,0.12745098039215655,0.8813559322033748,0.2226980728051382,0.403726708074531,52,356,7
lstm_event,5,25,85122,0.0670241286863269,0.7575757575757346,0.1231527093596053,0.24752475247524505,25,348,8
lstm_event,5,25,85123,0.4139344262295065,0.9999999999999901,0.5855072463768082,0.779320987654315,101,143,0
lstm_event,5,25,85124,0.22891566265060104,0.9268292682926603,0.3671497584541027,0.575757575757567,38,128,3
lstm_event,5,25,85125,0.24999999999999778,0.7179487179486995,0.370860927152313,0.5223880597014828,28,84,11
lstm_event,5,25,85126,0.0,0.0,0.0,0.0,0,162,0
lstm_event,5,25,85201,0.15950920245398675,0.9629629629629274,0.2736842105263129,0.4797047970479616,26,137,1
lstm_event,5,25,85202,0.14563106796116365,0.9999999999999333,0.25423728813558893,0.4601226993864889,15,88,0
lstm_event,5,25,85204,0.32038834951456,0.6226415094339505,0.4230769230769177,0.5238095238095155,33,70,20
lstm_event,5,25,85207,0.22191780821917745,0.9529411764705771,0.3599999999999984,0.5744680851063789,81,284,4
lstm_event,5,25,85208,0.13056379821958417,0.977777777777756,0.23036649214659563,0.4255319148936129,44,293,1
lstm_event,5,25,85209,0.2319508448540703,0.9378881987577582,0.37192118226600895,0.5830115830115808,151,500,10
lstm_event,5,25,85211,0.31304347826086687,0.8999999999999775,0.46451612903225203,0.6545454545454427,36,79,4
lstm_event,5,25,85214,0.07268170426065144,0.9999999999999656,0.13551401869158816,0.2815533980582497,29,370,0
lstm_event,5,25,85215,0.1718749999999993,0.9999999999999772,0.29333333333333134,0.5092592592592533,44,212,0
lstm_event,5,25,85216,0.19574468085106356,0.9999999999999928,0.32740213523131595,0.5489260143198068,138,567,0
lstm_event,5,25,85217,0.09433962264150855,0.4166666666666493,0.1538461538461515,0.2475247524752414,10,96,14
lstm_event,5,25,85218,0.24778761061946827,0.933333333333323,0.3916083916083898,0.6008583690987082,84,255,6
lstm_event,5,25,85219,0.06060606060606,0.9999999999998334,0.1142857142857121,0.2439024390243803,6,93,0
lstm_event,5,25,85220,0.4039408866995054,0.9647058823529299,0.5694444444444405,0.7550644567219084,82,121,3
lstm_event,5,25,85221,0.09433962264150855,0.9999999999999,0.17241379310344532,0.3424657534246458,10,96,0
lstm_event,5,25,85222,0.2177777777777773,0.9999999999999899,0.35766423357664107,0.58194774346793,98,352,0
lstm_event,5,25,85224,0.18217054263565818,0.9038461538461364,0.3032258064516109,0.5042918454935568,47,211,5
lstm_event,6,30,85101,0.06726457399103108,0.8333333333332871,0.12448132780082884,0.2542372881355889,15,208,3
lstm_event,6,30,85102,0.16452991452991417,0.9999999999999871,0.2825688073394485,0.49613402061855355,77,391,0
lstm_event,6,30,85104,0.1349693251533734,0.9166666666666285,0.2352941176470563,0.42471042471041653,22,141,2
lstm_event,6,30,85105,0.25535168195718616,0.8267326732673227,0.39018691588784954,0.5711354309165507,167,487,35
lstm_event,6,30,85106,0.31034482758620613,0.9921259842519607,0.47279549718573927,0.6892778993435411,126,280,1
lstm_event,6,30,85107,0.08219178082191761,0.8999999999999775,0.15062761506276087,0.30100334448160276,36,402,4
lstm_event,6,30,85111,0.01749271137026234,0.9999999999998334,0.03438395415472759,0.08174386920980815,6,337,0
lstm_event,6,30,85112,0.12765957446808443,0.8275862068965232,0.2211981566820256,0.3947368421052567,24,164,5
lstm_event,6,30,85116,0.05066079295154174,0.5897435897435745,0.09330628803245399,0.18852459016393283,23,431,16
lstm_event,6,30,85117,0.20370370370370322,0.8979591836734603,0.33207547169811197,0.5339805825242686,88,344,10
lstm_event,6,30,85118,0.5022421524663666,0.9531914893616981,0.65785609397944,0.8080808080808051,224,222,11
lstm_event,6,30,85119,0.20967741935483702,0.6842105263157714,0.3209876543209837,0.4710144927536146,26,98,12
lstm_event,6,30,85120,0.17241379310344235,0.2499999999999875,0.20408163265305293,0.2293577981651271,5,24,15
lstm_event,6,30,85121,0.13235294117647026,0.8437499999999869,0.2288135593220329,0.4066265060240933,54,354,10
lstm_event,6,30,85122,0.07506702412868613,0.7567567567567363,0.13658536585365785,0.26871401151631225,28,345,9
lstm_event,6,30,85123,0.4344262295081949,0.9999999999999906,0.6057142857142822,0.7934131736526888,106,138,0
lstm_event,6,30,85124,0.2409638554216853,0.8888888888888691,0.37914691943127604,0.5780346820809166,40,126,5
lstm_event,6,30,85125,0.26785714285714046,0.6976744186046349,0.3870967741935434,0.5281690140844977,30,82,13
lstm_event,6,30,85126,0.0,0.0,0.0,0.0,0,162,0
lstm_event,6,30,85201,0.1656441717791401,0.89999999999997,0.27979274611398675,0.477031802120133,27,136,3
lstm_event,6,30,85202,0.1553398058252412,0.9999999999999376,0.2689075630252056,0.4790419161676503,16,87,0
lstm_event,6,30,85204,0.32038834951456,0.5593220338982956,0.4074074074074024,0.486725663716807,33,70,26
lstm_event,6,30,85207,0.23835616438356097,0.9354838709677319,0.37991266375545685,0.5902306648575264,87,278,6
lstm_event,6,30,85208,0.14540059347180964,0.9607843137254714,0.2525773195876276,0.4528650646950051,49,288,2
lstm_event,6,30,85209,0.245775729646697,0.9248554913294744,0.38834951456310585,0.5956813104988808,160,491,13
lstm_event,6,30,85211,0.3217391304347798,0.88095238095236,0.4713375796178284,0.6537102473498119,37,78,5
lstm_event,6,30,85214,0.07769423558897223,0.9999999999999678,0.14418604651162722,0.29636711281070466,31,368,0
lstm_event,6,30,85215,0.18359374999999928,0.9791666666666462,0.30921052631578744,0.5245535714285655,47,209,1
lstm_event,6,30,85216,0.21134751773049615,0.9999999999999933,0.3489461358313809,0.5726364335126803,149,556,0
lstm_event,6,30,85217,0.1037735849056594,0.4230769230769068,0.16666666666666416,0.2619047619047557,11,95,15
lstm_event,6,30,85218,0.2625368731563414,0.9081632653061132,0.4073226544622407,0.6087551299589561,89,250,9
lstm_event,6,30,85219,0.06060606060606,0.8571428571427346,0.11320754716980919,0.2362204724409356,6,93,1
lstm_event,6,30,85220,0.42364532019704226,0.9450549450549347,0.5850340136054383,0.7583774250440851,86,117,5
lstm_event,6,30,85221,0.1037735849056594,0.9999999999999091,0.1880341880341848,0.3666666666666545,11,95,0
lstm_event,6,30,85222,0.23111111111111057,0.9811320754716889,0.3741007194244591,0.5949656750572048,104,346,2
lstm_event,6,30,85224,0.18604651162790625,0.8421052631578799,0.3047619047619028,0.4938271604938221,48,210,9
lstm_event,7,35,85101,0.0717488789237665,0.7999999999999601,0.13168724279835284,0.26402640264025967,16,207,4
lstm_event,7,35,85102,0.18162393162393123,0.9999999999999883,0.3074141048824582,0.5259900990098978,85,383,0
lstm_event,7,35,85104,0.14723926380368008,0.888888888888856,0.25263157894736576,0.44280442804427234,24,139,3
lstm_event,7,35,85105,0.2691131498470944,0.796380090497734,0.4022857142857134,0.5721716514954468,176,478,45
lstm_event,7,35,85106,0.3275862068965509,0.9708029197080221,0.4898710865561676,0.6970649895178161,133,273,4
lstm_event,7,35,85107,0.08904109589041075,0.8863636363636161,0.16182572614107815,0.3175895765472287,39,399,5
lstm_event,7,35,85111,0.020408163265306062,0.9999999999998571,0.03999999999999977,0.09433962264150815,7,336,0
lstm_event,7,35,85112,0.13297872340425462,0.7812499999999756,0.2272727272727252,0.3955696202531583,25,163,7
lstm_event,7,35,85116,0.05506607929515406,0.5681818181818052,0.1004016064257024,0.19841269841269682,25,429,19
lstm_event,7,35,85117,0.21296296296296247,0.851851851851844,0.34074074074073946,0.5324074074074042,92,340,16
lstm_event,7,35,85118,0.5246636771300437,0.9435483870967704,0.6743515850144073,0.8136300417246148,234,212,14
lstm_event,7,35,85119,0.20967741935483702,0.6190476190476043,0.313253012048189,0.4452054794520472,26,98,16
lstm_event,7,35,85120,0.17241379310344235,0.22727272727271697,0.19607843137254133,0.2136752136752046,5,24,17
lstm_event,7,35,85121,0.13725490196078396,0.811594202898539,0.23480083857442247,0.40935672514619575,56,352,13
lstm_event,7,35,85122,0.08310991957104535,0.7560975609755913,0.14975845410627947,0.28864059590316304,31,342,10
lstm_event,7,35,85123,0.4508196721311457,0.9909909909909821,0.6197183098591516,0.799418604651157,110,134,1
lstm_event,7,35,85124,0.25301204819276957,0.8571428571428397,0.39069767441860104,0.580110497237561,42,124,7
lstm_event,7,35,85125,0.2857142857142832,0.6808510638297727,0.4025157232704352,0.5333333333333244,32,80,15
lstm_event,7,35,85126,0.0,0.0,0.0,0.0,0,162,0
lstm_event,7,35,85201,0.17177914110429343,0.8484848484848228,0.2857142857142828,0.47457627118643275,28,135,5
lstm_event,7,35,85202,0.1650485436893188,0.9999999999999413,0.2833333333333286,0.4970760233917983,17,86,0
lstm_event,7,35,85204,0.32038834951456,0.5076923076922999,0.39285714285713813,0.4545454545454483,33,70,32
lstm_event,7,35,85207,0.24657534246575274,0.8910891089108823,0.38626609442059917,0.5851755526657959,90,275,11
lstm_event,7,35,85208,0.16023738872403512,0.9473684210526149,0.27411167512690215,0.477876106194686,54,283,3
lstm_event,7,35,85209,0.2596006144393237,0.9135135135135086,0.4043062200956928,0.6074766355140165,169,482,16
lstm_event,7,35,85211,0.3217391304347798,0.8409090909090717,0.4654088050314407,0.6357388316151095,37,78,7
lstm_event,7,35,85214,0.08020050125313263,0.9696969696969403,0.14814814814814745,0.3013182674199595,32,367,1
lstm_event,7,35,85215,0.19531249999999922,0.961538461538443,0.32467532467532256,0.53879310344827,50,206,2
lstm_event,7,35,85216,0.22553191489361668,0.9937499999999938,0.3676300578034673,0.5910780669144958,159,546,1
lstm_event,7,35,85217,0.11320754716981025,0.4285714285714133,0.17910447761193762,0.2752293577981588,12,94,16
lstm_event,7,35,85218,0.27433628318583986,0.8773584905660295,0.41797752808988575,0.6094364351245046,93,246,13
lstm_event,7,35,85219,0.06060606060606,0.7499999999999063,0.11214953271027829,0.22900763358777754,6,93,2
lstm_event,7,35,85220,0.44334975369457913,0.9278350515463822,0.599999999999996,0.7614213197969478,90,113,7
lstm_event,7,35,85221,0.11320754716981025,0.9999999999999166,0.20338983050847112,0.3896103896103769,12,94,0
lstm_event,7,35,85222,0.24444444444444388,0.964912280701746,0.3900709219858142,0.6070640176600407,110,340,4
lstm_event,7,35,85224,0.1899224806201543,0.7903225806451485,0.3062499999999981,0.48418972332015325,49,209,13
lstm_event,8,40,85101,0.07623318385650191,0.7727272727272376,0.13877551020408052,0.273311897106105,17,206,5
lstm_event,8,40,85102,0.19658119658119616,0.9892473118279465,0.3279857397504445,0.5476190476190443,92,376,1
lstm_event,8,40,85104,0.1656441717791401,0.89999999999997,0.27979274611398675,0.477031802120133,27,136,3
lstm_event,8,40,85105,0.2828746177370026,0.7708333333333302,0.4138702460850102,0.573110285006194,185,469,55
lstm_event,8,40,85106,0.33990147783251146,0.9387755102040752,0.49909584086799097,0.6941649899396344,138,268,9
lstm_event,8,40,85107,0.09360730593607285,0.8541666666666489,0.16872427983539026,0.32539682539682285,41,397,7
lstm_event,8,40,85111,0.023323615160349784,0.999999999999875,0.04558404558404532,0.10666666666666523,8,335,0
lstm_event,8,40,85112,0.1382978723404248,0.7428571428571216,0.23318385650224005,0.39634146341462806,26,162,9
lstm_event,8,40,85116,0.059471365638766385,0.551020408163254,0.10735586481113275,0.20769230769230607,27,427,22
lstm_event,8,40,85117,0.2245370370370365,0.8220338983050778,0.35272727272727145,0.536504424778758,97,335,21
lstm_event,8,40,85118,0.5470852017937207,0.9348659003831381,0.6902404526166881,0.8187919463087219,244,202,17
lstm_event,8,40,85119,0.20967741935483702,0.5652173913043356,0.30588235294117283,0.4220779220779153,26,98,20
lstm_event,8,40,85120,0.17241379310344235,0.20833333333332466,0.18867924528301178,0.19999999999999205,5,24,19
lstm_event,8,40,85121,0.14215686274509767,0.7837837837837732,0.24066390041493674,0.41193181818181523,58,350,16
lstm_event,8,40,85122,0.09115281501340458,0.7555555555555388,0.16267942583731979,0.3074141048824565,34,339,11
lstm_event,8,40,85123,0.46721311475409644,0.9827586206896467,0.6333333333333298,0.8050847457627062,114,130,2
lstm_event,8,40,85124,0.26506024096385383,0.8301886792452673,0.40182648401826115,0.5820105820105742,44,122,9
lstm_event,8,40,85125,0.3035714285714259,0.6666666666666535,0.4171779141104244,0.5379746835442953,34,78,17
lstm_event,8,40,85126,0.0,0.0,0.0,0.0,0,162,0
lstm_event,8,40,85201,0.17177914110429343,0.7777777777777561,0.28140703517587656,0.4560260586319144,28,135,8
lstm_event,8,40,85202,0.17475728155339637,0.9999999999999445,0.29752066115701986,0.5142857142856997,18,85,0
lstm_event,8,40,85204,0.3300970873786376,0.47887323943661303,0.39080459770114495,0.439276485788108,34,69,37
lstm_event,8,40,85207,0.2547945205479445,0.8532110091743041,0.39240506329113756,0.5805243445692847,93,272,16
lstm_event,8,40,85208,0.1721068249258155,0.9354838709677268,0.29072681704260506,0.4957264957264914,58,279,4
lstm_event,8,40,85209,0.2734254992319504,0.9035532994923813,0.419811320754716,0.6184850590687957,178,473,19
lstm_event,8,40,85211,0.3217391304347798,0.804347826086939,0.45962732919254085,0.6187290969899562,37,78,9
lstm_event,8,40,85214,0.08270676691729302,0.9428571428571159,0.1520737327188933,0.30612244897958896,33,366,2
lstm_event,8,40,85215,0.20703124999999917,0.9464285714285545,0.3397435897435876,0.5520833333333275,53,203,3
lstm_event,8,40,85216,0.23687943262411312,0.9766081871344973,0.3812785388127845,0.60115190784737,167,538,4
lstm_event,8,40,85217,0.12264150943396111,0.4333333333333189,0.19117647058823248,0.28761061946902017,13,93,17
lstm_event,8,40,85218,0.2861356932153384,0.8508771929824487,0.4282560706401747,0.6100628930817571,97,242,17
lstm_event,8,40,85219,0.06060606060606,0.6666666666665926,0.11111111111110906,0.222222222222214,6,93,3
lstm_event,8,40,85220,0.45320197044334753,0.893203883495137,0.6013071895424797,0.7479674796747907,92,111,11
lstm_event,8,40,85221,0.12264150943396111,0.9999999999999231,0.21848739495797953,0.4113924050632781,13,93,0
lstm_event,8,40,85222,0.255555555555555,0.9426229508196644,0.40209790209790064,0.613006396588483,115,335,7
lstm_event,8,40,85224,0.19379844961240233,0.7462686567164069,0.30769230769230577,0.47528517110265717,50,208,17
lstm_event,9,45,85101,0.0807174887892373,0.7499999999999688,0.14574898785424983,0.28213166144200186,18,205,6
lstm_event,9,45,85102,0.20940170940170894,0.9702970297029607,0.3444639718804909,0.5619266055045838,98,370,3
lstm_event,9,45,85104,0.1656441717791401,0.8181818181817934,0.27551020408162985,0.4576271186440601,27,136,6
lstm_event,9,45,85105,0.29510703363914326,0.7451737451737422,0.4227820372398676,0.5710059171597616,193,461,66
lstm_event,9,45,85106,0.35221674876847203,0.9108280254777013,0.507992895204261,0.6914893617021244,143,263,14
lstm_event,9,45,85107,0.09817351598173493,0.826923076923061,0.17551020408163193,0.3328173374612977,43,395,9
lstm_event,9,45,85111,0.026239067055393507,0.9999999999998889,0.05113636363636335,0.11873350923482692,9,334,0
lstm_event,9,45,85112,0.14361702127659498,0.7105263157894549,0.23893805309734303,0.3970588235294059,27,161,11
lstm_event,9,45,85116,0.06387665198237871,0.5370370370370271,0.11417322834645624,0.21641791044775954,29,425,25
lstm_event,9,45,85117,0.23379629629629575,0.7890624999999939,0.36071428571428443,0.5349576271186413,101,331,27
lstm_event,9,45,85118,0.5695067264573977,0.9270072992700695,0.7055555555555536,0.8236057068741868,254,192,20
lstm_event,9,45,85119,0.21774193548386922,0.5399999999999892,0.31034482758620335,0.4166666666666602,27,97,23
lstm_event,9,45,85120,0.2068965517241308,0.2307692307692219,0.21818181818181026,0.2255639097744276,6,23,20
lstm_event,9,45,85121,0.1470588235294114,0.7594936708860663,0.24640657084188813,0.41436464088397507,60,348,19
lstm_event,9,45,85122,0.09919571045576381,0.755102040816311,0.17535545023696597,0.3251318101933187,37,336,12
lstm_event,9,45,85123,0.4795081967213095,0.9669421487603226,0.6410958904109554,0.803571428571423,117,127,4
lstm_event,9,45,85124,0.2771084337349381,0.807017543859635,0.4125560538116555,0.5837563451776576,46,120,11
lstm_event,9,45,85125,0.3124999999999972,0.6363636363636248,0.4191616766467016,0.5271084337349319,35,77,20
lstm_event,9,45,85126,0.0,0.0,0.0,0.0,0,162,0
lstm_event,9,45,85201,0.17177914110429343,0.7179487179486995,0.27722772277227453,0.4388714733542251,28,135,11
lstm_event,9,45,85202,0.18446601941747395,0.9999999999999475,0.3114754098360605,0.5307262569832255,19,84,0
lstm_event,9,45,85204,0.3398058252427152,0.45454545454544865,0.3888888888888847,0.4257907542579024,35,68,42
lstm_event,9,45,85207,0.2657534246575335,0.829059829059822,0.40248962655601495,0.5822328931572593,97,268,20
lstm_event,9,45,85208,0.18397626112759588,0.9253731343283444,0.30693069306930537,0.5123966942148718,62,275,5
lstm_event,9,45,85209,0.2841781874039934,0.8851674641148283,0.4302325581395339,0.6220578345662388,185,466,24
lstm_event,9,45,85211,0.3217391304347798,0.7708333333333173,0.4539877300613441,0.6026058631921727,37,78,11
lstm_event,9,45,85214,0.08270676691729302,0.8918918918918678,0.1513761467889901,0.3016453382084067,33,366,4
lstm_event,9,45,85215,0.21874999999999914,0.9333333333333177,0.35443037974683317,0.5645161290322525,56,200,4
lstm_event,9,45,85216,0.24539007092198545,0.9558011049723705,0.39051918735891555,0.6053184044786543,173,532,8
lstm_event,9,45,85217,0.13207547169811196,0.4374999999999863,0.20289855072463472,0.29914529914529275,14,92,18
lstm_event,9,45,85218,0.29793510324483685,0.8278688524590097,0.438177874186549,0.6106408706166832,101,238,21
lstm_event,9,45,85219,0.06060606060606,0.59999999999994,0.11009174311926405,0.21582733812948865,6,93,4
lstm_event,9,45,85220,0.46305418719211594,0.8623853211009096,0.6025641025640988,0.7355242566510114,94,109,15
lstm_event,9,45,85221,0.13207547169811196,0.9999999999999286,0.23333333333332942,0.4320987654320854,14,92,0
lstm_event,9,45,85222,0.2644444444444438,0.9153846153846084,0.41034482758620544,0.6134020618556669,119,331,11
lstm_event,9,45,85224,0.19767441860465038,0.7083333333333236,0.3090909090909072,0.46703296703296276,51,207,21
lstm_event,10,50,85101,0.08520179372197272,0.7307692307692027,0.15261044176706706,0.2905198776758366,19,204,7
lstm_event,10,50,85102,0.22222222222222174,0.9541284403669638,0.36048526863084795,0.57522123893805,104,364,5
lstm_event,10,50,85104,0.1656441717791401,0.7499999999999791,0.2713567839195953,0.4397394136807746,27,136,9
lstm_event,10,50,85105,0.30733944954128395,0.7230215827338103,0.4313304721030034,0.5690826727066801,201,453,77
lstm_event,10,50,85106,0.3596059113300484,0.8742514970059828,0.5095986038394398,0.6797020484171291,146,260,21
lstm_event,10,50,85107,0.10273972602739702,0.8035714285714142,0.18218623481781301,0.3398791540785473,45,393,11
lstm_event,10,50,85111,0.02915451895043723,0.9999999999999,0.05665722379603366,0.13054830287206096,10,333,0
lstm_event,10,50,85112,0.14893617021276517,0.682926829268276,0.24454148471615508,0.3977272727272671,28,160,13
lstm_event,10,50,85116,0.06828193832599104,0.5254237288135504,0.12085769980506775,0.22463768115941865,31,423,28
lstm_event,10,50,85117,0.24074074074074017,0.7536231884057917,0.3649122807017531,0.5284552845528429,104,328,34
lstm_event,10,50,85118,0.5919282511210748,0.9198606271776971,0.7203274215552503,0.8281053952321178,264,182,23
lstm_event,10,50,85119,0.22580645161290142,0.5185185185185089,0.3146067415730302,0.41176470588234687,28,96,26
lstm_event,10,50,85120,0.24137931034481927,0.2499999999999911,0.24561403508771068,0.24822695035460116,7,22,21
lstm_event,10,50,85121,0.15196078431372512,0.7380952380952294,0.25203252032520224,0.41666666666666385,62,346,22
lstm_event,10,50,85122,0.10723860589812304,0.7547169811320612,0.18779342723004605,0.341880341880339,40,333,13
lstm_event,10,50,85123,0.4918032786885226,0.9523809523809449,0.6486486486486451,0.8021390374331497,120,124,6
lstm_event,10,50,85124,0.28915662650602236,0.7868852459016265,0.42290748898678043,0.5853658536585294,48,118,13
lstm_event,10,50,85125,0.3124999999999972,0.5932203389830408,0.4093567251461941,0.5028735632183836,35,77,24
lstm_event,10,50,85126,0.0,0.0,0.0,0.0,0,162,0
lstm_event,10,50,85201,0.17177914110429343,0.6666666666666508,0.27317073170731443,0.42296072507552235,28,135,14
lstm_event,10,50,85202,0.19417475728155154,0.99999999999995,0.32520325203251504,0.546448087431679,20,83,0
lstm_event,10,50,85204,0.34951456310679274,0.43373493975903094,0.3870967741935442,0.4137931034482712,36,67,47
lstm_event,10,50,85207,0.27397260273972524,0.7999999999999936,0.4081632653061207,0.5780346820809216,100,265,25
lstm_event,10,50,85208,0.18991097922848607,0.8888888888888766,0.31295843520782246,0.511999999999996,64,273,8
lstm_event,10,50,85209,0.29646697388632826,0.8733031674208106,0.4426605504587146,0.6286644951140045,193,458,28
lstm_event,10,50,85211,0.3217391304347798,0.7399999999999852,0.4484848484848431,0.587301587301578,37,78,13
lstm_event,10,50,85214,0.08270676691729302,0.8461538461538244,0.15068493150684859,0.2972972972972946,33,366,6
lstm_event,10,50,85215,0.22656249999999908,0.9062499999999859,0.3624999999999977,0.5664062499999944,58,198,6
lstm_event,10,50,85216,0.2539007092198578,0.9371727748691051,0.39955357142857056,0.6092579986385276,179,526,12
lstm_event,10,50,85217,0.14150943396226282,0.4411764705882223,0.21428571428571122,0.3099173553718944,15,91,19
lstm_event,10,50,85218,0.3097345132743353,0.8076923076923015,0.44776119402984876,0.6111757857974351,105,234,25
lstm_event,10,50,85219,0.06060606060606,0.5454545454544959,0.10909090909090711,0.20979020979020246,6,93,5
lstm_event,10,50,85220,0.4729064039408844,0.8347826086956449,0.6037735849056566,0.7239819004524832,96,107,19
lstm_event,10,50,85221,0.14150943396226282,0.9999999999999333,0.2479338842975166,0.451807228915649,15,91,0
lstm_event,10,50,85222,0.2688888888888883,0.8768115942028922,0.41156462585033876,0.6037924151696576,121,329,17
lstm_event,10,50,85224,0.20155038759689842,0.6753246753246666,0.310447761194028,0.4593639575971691,52,206,25
lstm_event,11,55,85101,0.08520179372197272,0.6785714285714044,0.15139442231075578,0.28358208955223463,19,204,9
lstm_event,11,55,85102,0.23290598290598238,0.9316239316239237,0.3726495726495714,0.5822649572649541,109,359,8
lstm_event,11,55,85104,0.1656441717791401,0.6923076923076745,0.2673267326732647,0.42319749216300284,27,136,12
lstm_event,11,55,85105,0.318042813455657,0.7003367003366979,0.4374342797055722,0.5646036916395207,208,446,89
lstm_event,11,55,85106,0.36699507389162467,0.841807909604515,0.5111492281303585,0.6687612208258498,149,257,28
lstm_event,11,55,85107,0.1073059360730591,0.7833333333333202,0.1887550200803205,0.34660766961651657,47,391,13
lstm_event,11,55,85111,0.03206997084548095,0.9999999999999091,0.06214689265536688,0.1421188630490938,11,332,0
lstm_event,11,55,85112,0.15425531914893537,0.6590909090908941,0.2499999999999979,0.39835164835164283,29,159,15
lstm_event,11,55,85116,0.07268722466960335,0.515624999999992,0.1274131274131269,0.23239436619718146,33,421,31
lstm_event,11,55,85117,0.2453703703703698,0.7162162162162115,0.3655172413793091,0.5175781249999976,106,326,42
lstm_event,11,55,85118,0.6076233183856489,0.9033333333333302,0.7265415549597836,0.8232077764277009,271,175,29
lstm_event,11,55,85119,0.2338709677419336,0.49999999999999134,0.31868131868131516,0.4073033707865112,29,95,29
lstm_event,11,55,85120,0.27586206896550775,0.2666666666666578,0.27118644067795694,0.2684563758389172,8,21,22
lstm_event,11,55,85121,0.15441176470588197,0.7078651685393179,0.2535211267605624,0.4123036649214633,63,345,26
lstm_event,11,55,85122,0.11260053619302918,0.736842105263145,0.1953488372093014,0.3494176372712117,42,331,15
lstm_event,11,55,85123,0.5040983606557357,0.9389312977099166,0.6559999999999965,0.8007812499999948,123,121,8
lstm_event,11,55,85124,0.2951807228915645,0.7538461538461423,0.42424242424242053,0.5751173708920121,49,117,16
lstm_event,11,55,85125,0.3124999999999972,0.5555555555555467,0.3999999999999954,0.4807692307692242,35,77,28
lstm_event,11,55,85126,0.0,0.0,0.0,0.0,0,162,0
lstm_event,11,55,85201,0.17177914110429343,0.6222222222222084,0.26923076923076666,0.4081632653061165,28,135,17
lstm_event,11,55,85202,0.2038834951456291,0.9999999999999525,0.3387096774193494,0.5614973262031937,21,82,0
lstm_event,11,55,85204,0.34951456310679274,0.4044943820224674,0.37499999999999606,0.3921568627450938,36,67,53
lstm_event,11,55,85207,0.28219178082191704,0.7744360902255581,0.41365461847389395,0.5741360089186145,103,262,30
lstm_event,11,55,85208,0.19584569732937626,0.8571428571428461,0.31884057971014335,0.5116279069767402,66,271,11
lstm_event,11,55,85209,0.3056835637480794,0.8540772532188805,0.4502262443438904,0.6285533796588736,199,452,34
lstm_event,11,55,85211,0.3217391304347798,0.7115384615384478,0.44311377245508454,0.5727554179566475,37,78,15
lstm_event,11,55,85214,0.08270676691729302,0.8048780487804681,0.1499999999999993,0.29307282415630287,33,366,8
lstm_event,11,55,85215,0.23437499999999906,0.8823529411764577,0.3703703703703681,0.5681818181818129,60,196,8
lstm_event,11,55,85216,0.26099290780141804,0.9154228855721348,0.4061810154525377,0.6096752816434704,184,521,17
lstm_event,11,55,85217,0.15094339622641367,0.4444444444444321,0.22535211267605318,0.3199999999999936,16,90,20
lstm_event,11,55,85218,0.31858407079645923,0.7826086956521683,0.45283018867924346,0.6060606060606027,108,231,30
lstm_event,11,55,85219,0.06060606060606,0.4999999999999583,0.10810810810810616,0.20408163265305432,6,93,6
lstm_event,11,55,85220,0.4778325123152686,0.8016528925619769,0.5987654320987618,0.7059679767103297,97,106,24
lstm_event,11,55,85221,0.15094339622641367,0.9999999999999376,0.2622950819672088,0.4705882352941039,16,90,0
lstm_event,11,55,85222,0.2733333333333327,0.8424657534246518,0.41275167785234756,0.5947775628626664,123,327,23
lstm_event,11,55,85224,0.20542635658914649,0.6463414634146263,0.31176470588235106,0.4522184300341258,53,205,29
lstm_event,12,60,85101,0.08520179372197272,0.6333333333333122,0.15019762845849685,0.2769679300291505,19,204,11
lstm_event,12,60,85102,0.24358974358974306,0.9119999999999927,0.3844856661045518,0.5888429752066086,114,354,11
lstm_event,12,60,85104,0.1656441717791401,0.6428571428571275,0.26341463414633887,0.40785498489425365,27,136,15
lstm_event,12,60,85105,0.3272171253822625,0.6772151898734156,0.44123711340206095,0.557872784150155,214,440,102
lstm_event,12,60,85106,0.3719211822660089,0.8074866310160385,0.5092748735244501,0.6542461005199278,151,255,36
lstm_event,12,60,85107,0.1118721461187212,0.7656249999999881,0.1952191235059753,0.35302593659942116,49,389,15
lstm_event,12,60,85111,0.03498542274052468,0.9999999999999166,0.06760563380281652,0.15345268542199295,12,331,0
lstm_event,12,60,85112,0.15957446808510553,0.6382978723404119,0.255319148936168,0.3989361702127606,30,158,17
lstm_event,12,60,85116,0.07929515418502185,0.521739130434775,0.13766730401529584,0.24657534246575177,36,418,33
lstm_event,12,60,85117,0.2523148148148142,0.6942675159235625,0.3701188455008476,0.514150943396224,109,323,48
lstm_event,12,60,85118,0.6210762331838551,0.8849840255591025,0.7299077733860324,0.8156654888103625,277,169,36
lstm_event,12,60,85119,0.2419354838709658,0.48387096774192767,0.32258064516128687,0.4032258064516075,30,94,32
lstm_event,12,60,85120,0.3103448275861962,0.2812499999999912,0.2950819672131051,0.28662420382164694,9,20,23
lstm_event,12,60,85121,0.15686274509803882,0.68085106382978,0.25498007968127384,0.40816326530611985,64,344,30
lstm_event,12,60,85122,0.1206434316353884,0.7377049180327747,0.20737327188939997,0.36466774716369227,45,328,16
lstm_event,12,60,85123,0.5163934426229487,0.9264705882352874,0.6631578947368387,0.799492385786797,126,118,10
lstm_event,12,60,85124,0.30120481927710663,0.7246376811594099,0.42553191489361336,0.5656108597285004,50,116,19
lstm_event,12,60,85125,0.32142857142856857,0.5373134328358129,0.4022346368715039,0.4736842105263096,36,76,31
lstm_event,12,60,85126,0.0,0.0,0.0,0.0,0,162,0
lstm_event,12,60,85201,0.17177914110429343,0.5833333333333212,0.26540284360189326,0.394366197183093,28,135,20
lstm_event,12,60,85202,0.2038834951456291,0.9545454545454112,0.33599999999999464,0.5497382198952736,21,82,1
lstm_event,12,60,85204,0.34951456310679274,0.37894736842104865,0.36363636363636004,0.3726708074534123,36,67,59
lstm_event,12,60,85207,0.28767123287671154,0.7446808510638245,0.4150197628458482,0.565123789020449,105,260,36
lstm_event,12,60,85208,0.19881305637982136,0.8170731707316974,0.319809069212409,0.5037593984962367,67,270,15
lstm_event,12,60,85209,0.31643625192012237,0.8408163265306088,0.4598214285714276,0.6315144083384407,206,445,39
lstm_event,12,60,85211,0.3217391304347798,0.6851851851851725,0.43786982248520184,0.5589123867069402,37,78,17
lstm_event,12,60,85214,0.08270676691729302,0.7674418604650984,0.14932126696832512,0.2889667250437803,33,366,10
lstm_event,12,60,85215,0.24218749999999903,0.8611111111110992,0.3780487804878025,0.5698529411764653,62,194,10
lstm_event,12,60,85216,0.26808510638297833,0.8957345971563939,0.41266375545851436,0.6100710135571317,189,516,22
lstm_event,12,60,85217,0.16037735849056453,0.44736842105261976,0.2361111111111078,0.32945736434107886,17,89,21
lstm_event,12,60,85218,0.32448377581120846,0.7534246575342415,0.45360824742267847,0.5958829902491842,110,229,36
lstm_event,12,60,85219,0.06060606060606,0.46153846153842604,0.10714285714285524,0.19867549668873513,6,93,7
lstm_event,12,60,85220,0.4827586206896528,0.7716535433070806,0.5939393939393904,0.6891701828410641,98,105,29
lstm_event,12,60,85221,0.16037735849056453,0.9999999999999413,0.27642276422763784,0.4885057471264228,17,89,0
lstm_event,12,60,85222,0.27999999999999936,0.8181818181818129,0.4172185430463562,0.5909943714821736,126,324,28
lstm_event,12,60,85224,0.20930232558139453,0.6206896551724067,0.31304347826086776,0.44554455445544183,54,204,33
patchtst_event,1,5,85101,0.005331302361005328,0.8749999999998906,0.010598031794095368,0.026022304832713658,7,1306,1
patchtst_event,1,5,85102,0.0308510638297872,0.7837837837837626,0.05936540429887398,0.1332720588235288,29,911,8
patchtst_event,1,5,85104,0.005886681383370121,0.8888888888887901,0.01169590643274852,0.028673835125447928,8,1351,1
patchtst_event,1,5,85105,0.020626432391138268,0.5346534653465294,0.039720485472600195,0.08934480476505612,54,2564,47
patchtst_event,1,5,85106,0.0361930294906166,0.7199999999999904,0.06892150606253979,0.15066964285714243,54,1438,21
patchtst_event,1,5,85107,0.004554326610279763,0.3888888888888673,0.00900321543408359,0.02175264139216898,7,1530,11
patchtst_event,1,5,85111,0.0007923930269413623,0.9999999999989999,0.0015835312747426737,0.003949447077409148,1,1261,0
patchtst_event,1,5,85112,0.003282275711159734,0.21428571428569898,0.006465517241379296,0.015463917525773115,3,911,11
patchtst_event,1,5,85116,0.009036144578313247,0.8571428571427959,0.017883755588673597,0.04335260115606921,12,1316,2
patchtst_event,1,5,85117,0.024114544084400887,0.6666666666666528,0.04654545454545448,0.10533245556286998,32,1295,16
patchtst_event,1,5,85118,0.12682926829268282,0.7738095238095192,0.21793797150041877,0.38302887448438305,130,895,38
patchtst_event,1,5,85119,0.0,0.0,0.0,0.0,0,338,18
patchtst_event,1,5,85120,0.0,0.0,0.0,0.0,0,15,6
patchtst_event,1,5,85121,0.013788575180564666,0.5384615384615247,0.026888604353393054,0.06253722453841554,21,1502,18
patchtst_event,1,5,85122,0.011670313639679058,0.94117647058818,0.023054755043227633,0.055594162612925456,16,1355,1
patchtst_event,1,5,85123,0.050161812297734594,0.8051948051947948,0.0944402132520943,0.20077720207253824,62,1174,15
patchtst_event,1,5,85124,0.01304863582443652,0.4399999999999824,0.02534562211981561,0.05832449628844082,11,832,14
patchtst_event,1,5,85125,0.0,0.0,0.0,0.0,0,455,22
patchtst_event,1,5,85126,0.0,0.0,0.0,0.0,0,721,0
patchtst_event,1,5,85201,0.004432624113475174,0.3333333333333111,0.008748906386701649,0.02104377104377096,5,1123,10
patchtst_event,1,5,85202,0.006129597197898419,0.9999999999998571,0.01218450826805916,0.029914529914529787,7,1135,0
patchtst_event,1,5,85204,0.010088272383354338,0.27586206896550775,0.019464720194647154,0.04400440044004376,8,785,21
patchtst_event,1,5,85207,0.01607142857142856,0.3749999999999922,0.030821917808219128,0.0685975609756095,18,1102,30
patchtst_event,1,5,85208,0.009202453987730055,0.5714285714285443,0.018113207547169788,0.04322766570605172,12,1292,9
patchtst_event,1,5,85209,0.07976071784646054,0.7692307692307618,0.14453477868111989,0.28188865398167623,80,923,24
patchtst_event,1,5,85211,0.0,0.0,0.0,0.0,0,1009,26
patchtst_event,1,5,85214,0.008498583569405093,0.5714285714285443,0.016748080949057897,0.04010695187165763,12,1400,9
patchtst_event,1,5,85215,0.02164111812443641,0.8571428571428266,0.04221635883905006,0.09828009828009787,24,1085,4
patchtst_event,1,5,85216,0.07170172084130012,0.7978723404255235,0.13157894736842082,0.2637130801687755,75,971,19
patchtst_event,1,5,85217,0.027160493827160424,0.6874999999999571,0.052256532066508064,0.11727078891257871,11,394,5
patchtst_event,1,5,85218,0.013975155279503083,0.16363636363636067,0.025751072961373318,0.05208333333333302,9,635,46
patchtst_event,1,5,85219,0.0021231422505307834,0.9999999999995,0.004237288135593212,0.010526315789473628,2,940,0
patchtst_event,1,5,85220,0.046486486486486435,0.7678571428571291,0.08766564729867464,0.18711923411662232,43,882,13
patchtst_event,1,5,85221,0.004750593824228025,0.9999999999998334,0.009456264775413697,0.02331002331002322,6,1257,0
patchtst_event,1,5,85222,0.026455026455026426,0.37878787878787307,0.049455984174084956,0.10339123242349006,25,920,41
patchtst_event,1,5,85224,0.014634146341463403,0.5624999999999823,0.028526148969889017,0.06627393225331346,18,1212,14
patchtst_event,2,10,85101,0.00685453160700685,0.89999999999991,0.013605442176870729,0.03325942350332582,9,1304,1
patchtst_event,2,10,85102,0.037234042553191446,0.7777777777777605,0.07106598984771559,0.1562499999999993,35,905,10
patchtst_event,2,10,85104,0.008094186902133916,0.9166666666665902,0.016046681254558694,0.039090262970859845,11,1348,1
patchtst_event,2,10,85105,0.027119938884644756,0.5725806451612857,0.05178701677607583,0.11400128452151555,71,2547,53
patchtst_event,2,10,85106,0.043565683646112574,0.7471264367816006,0.08233058898036721,0.1766304347826082,65,1427,22
patchtst_event,2,10,85107,0.006506180871828233,0.4347826086956333,0.012820512820512804,0.03069367710251679,10,1527,13
patchtst_event,2,10,85111,0.0015847860538827246,0.9999999999995,0.0031645569620253116,0.007874015748031465,2,1260,0
patchtst_event,2,10,85112,0.005470459518599556,0.2941176470588063,0.01074113856068741,0.025458248472504958,5,909,12
patchtst_event,2,10,85116,0.01204819277108433,0.8421052631578505,0.02375649591685223,0.05698005698005678,16,1312,3
patchtst_event,2,10,85117,0.030896759608138636,0.7068965517241257,0.05920577617328511,0.13149454778704253,41,1286,17
patchtst_event,2,10,85118,0.13756097560975597,0.7747252747252705,0.23363711681855803,0.40216771249286826,141,884,41
patchtst_event,2,10,85119,0.0,0.0,0.0,0.0,0,338,22
patchtst_event,2,10,85120,0.0,0.0,0.0,0.0,0,15,9
patchtst_event,2,10,85121,0.017071569271175303,0.5909090909090775,0.033184428844926575,0.0765155974102411,26,1497,18
patchtst_event,2,10,85122,0.014587892049598823,0.9523809523809071,0.028735632183908004,0.06872852233676952,20,1351,1
patchtst_event,2,10,85123,0.05582524271844656,0.8214285714285617,0.10454545454545439,0.21946564885496117,69,1167,15
patchtst_event,2,10,85124,0.016607354685646482,0.48275862068963854,0.03211009174311919,0.07299270072992661,14,829,15
patchtst_event,2,10,85125,0.0,0.0,0.0,0.0,0,455,27
patchtst_event,2,10,85126,0.0,0.0,0.0,0.0,0,721,0
patchtst_event,2,10,85201,0.006205673758865243,0.3888888888888673,0.012216404886561935,0.029166666666666546,7,1121,11
patchtst_event,2,10,85202,0.007880910683012252,0.9999999999998889,0.015638575152041673,0.03820033955857369,9,1133,0
patchtst_event,2,10,85204,0.013871374527112214,0.3142857142857053,0.026570048309178675,0.05894962486602325,11,782,24
patchtst_event,2,10,85207,0.02142857142857141,0.4137931034482687,0.04074702886247871,0.08875739644970382,24,1096,34
patchtst_event,2,10,85208,0.013036809815950911,0.6296296296296063,0.025544703230653606,0.06019830028328592,17,1287,10
patchtst_event,2,10,85209,0.08873379860418734,0.7478991596638593,0.1586452762923348,0.3008789722785656,89,914,30
patchtst_event,2,10,85211,0.0009910802775024766,0.03333333333333222,0.001924927815206926,0.0044286979627989175,1,1008,29
patchtst_event,2,10,85214,0.009915014164305942,0.6086956521738867,0.019512195121951192,0.046542553191489214,14,1398,9
patchtst_event,2,10,85215,0.025247971145175813,0.8749999999999726,0.04907975460122691,0.11317704122877885,28,1081,4
patchtst_event,2,10,85216,0.08030592734225614,0.7999999999999924,0.14596003475238897,0.28649386084583806,84,962,21
patchtst_event,2,10,85217,0.029629629629629554,0.6666666666666297,0.056737588652482,0.12578616352201127,12,393,6
patchtst_event,2,10,85218,0.023291925465838473,0.23076923076922723,0.04231311706629043,0.08296460176991105,15,629,50
patchtst_event,2,10,85219,0.003184713375796175,0.9999999999996666,0.006349206349206336,0.015723270440251493,3,939,0
patchtst_event,2,10,85220,0.056216216216216155,0.7999999999999877,0.10505050505050484,0.21940928270042098,52,873,13
patchtst_event,2,10,85221,0.005542359461599362,0.9999999999998571,0.011023622047244077,0.027110766847405012,7,1256,0
patchtst_event,2,10,85222,0.030687830687830656,0.3918918918918866,0.05691854759568193,0.11684125705076505,29,916,45
patchtst_event,2,10,85224,0.017886178861788605,0.5945945945945785,0.034727703235990476,0.07982583454281539,22,1208,15
patchtst_event,3,15,85101,0.008377760853008372,0.9166666666665902,0.016603773584905637,0.040411462160176194,11,1302,1
patchtst_event,3,15,85102,0.0436170212765957,0.7735849056603628,0.08257804632426971,0.17795138888888812,41,899,12
patchtst_event,3,15,85104,0.009565857247976447,0.8666666666666089,0.01892285298398833,0.04580690627202239,13,1346,2
patchtst_event,3,15,85105,0.03246753246753246,0.5902777777777737,0.06154960173787107,0.13306199123356274,85,2533,59
patchtst_event,3,15,85106,0.05026809651474528,0.7731958762886518,0.09439899307740707,0.19946808510638245,75,1417,22
patchtst_event,3,15,85107,0.009108653220559527,0.4999999999999822,0.017891373801916913,0.042449969678592964,14,1523,14
patchtst_event,3,15,85111,0.002377179080824087,0.9999999999996666,0.004743083003952563,0.01177394034536887,3,1259,0
patchtst_event,3,15,85112,0.007658643326039378,0.34999999999998255,0.014989293361884336,0.035211267605633624,7,907,13
patchtst_event,3,15,85116,0.01581325301204818,0.8749999999999636,0.031065088757396404,0.07373595505617953,21,1307,3
patchtst_event,3,15,85117,0.03767897513187639,0.7352941176470481,0.07168458781361998,0.15634771732332664,50,1277,18
patchtst_event,3,15,85118,0.14829268292682915,0.7755102040816287,0.24897624897624862,0.4201216141514638,152,873,44
patchtst_event,3,15,85119,0.0,0.0,0.0,0.0,0,338,26
patchtst_event,3,15,85120,0.0,0.0,0.0,0.0,0,15,12
patchtst_event,3,15,85121,0.020354563361785937,0.6326530612244768,0.03944020356234092,0.09016870273414752,31,1492,18
patchtst_event,3,15,85122,0.01750547045951859,0.9599999999999617,0.03438395415472775,0.08157715839564894,24,1347,1
patchtst_event,3,15,85123,0.06067961165048539,0.8333333333333242,0.11312217194570119,0.23496240601503687,75,1161,15
patchtst_event,3,15,85124,0.02135231316725976,0.5454545454545289,0.04109589041095881,0.09230769230769184,18,825,15
patchtst_event,3,15,85125,0.0,0.0,0.0,0.0,0,455,31
patchtst_event,3,15,85126,0.0,0.0,0.0,0.0,0,721,0
patchtst_event,3,15,85201,0.007978723404255313,0.4285714285714082,0.015665796344647494,0.03712871287128699,9,1119,12
patchtst_event,3,15,85202,0.009632224168126088,0.9999999999999091,0.019080659150043335,0.046374367622259514,11,1131,0
patchtst_event,3,15,85204,0.0163934426229508,0.31707317073169955,0.031175059952038297,0.06792058516196411,13,780,28
patchtst_event,3,15,85207,0.026785714285714263,0.4477611940298441,0.05054759898904794,0.1080691642651293,30,1090,37
patchtst_event,3,15,85208,0.01687116564417177,0.6666666666666464,0.03290949887808522,0.07660167130919195,22,1282,11
patchtst_event,3,15,85209,0.09770687936191416,0.7313432835820841,0.17238346525945442,0.318388564002598,98,905,36
patchtst_event,3,15,85211,0.0009910802775024766,0.029411764705881485,0.0019175455417066115,0.004366812227074217,1,1008,33
patchtst_event,3,15,85214,0.01133144475920679,0.6399999999999745,0.022268615170494055,0.05291005291005273,16,1396,9
patchtst_event,3,15,85215,0.028854824165915217,0.8888888888888642,0.05589519650655012,0.12769353551476406,32,1077,4
patchtst_event,3,15,85216,0.08986615678776283,0.8103448275862,0.16179001721170372,0.31125827814569434,94,952,22
patchtst_event,3,15,85217,0.032098765432098685,0.6499999999999676,0.061176470588235006,0.13402061855669967,13,392,7
patchtst_event,3,15,85218,0.029503105590062063,0.2567567567567533,0.05292479108635082,0.10106382978723348,19,625,55
patchtst_event,3,15,85219,0.003184713375796175,0.7499999999998125,0.006342494714587724,0.01565762004175357,3,939,1
patchtst_event,3,15,85220,0.0648648648648648,0.8219178082191669,0.12024048096192362,0.24650780608052486,60,865,13
patchtst_event,3,15,85221,0.0063341250989707,0.999999999999875,0.012588512981903992,0.030888030888030767,8,1255,0
patchtst_event,3,15,85222,0.03386243386243382,0.39024390243901963,0.06231742940603688,0.12568735271013307,32,913,50
patchtst_event,3,15,85224,0.021138211382113806,0.6190476190476043,0.04088050314465403,0.09298998569384802,26,1204,16
patchtst_event,4,20,85101,0.009900990099009894,0.9285714285713622,0.019593067068575706,0.04747991234477704,13,1300,1
patchtst_event,4,20,85102,0.051063829787233984,0.7868852459016265,0.09590409590409571,0.20270270270270185,48,892,13
patchtst_event,4,20,85104,0.011037527593818977,0.8333333333332871,0.02178649237472764,0.05241090146750506,15,1344,3
patchtst_event,4,20,85105,0.03705118411000763,0.5914634146341428,0.06973400431344352,0.14813683567501507,97,2521,67
patchtst_event,4,20,85106,0.056970509383377985,0.7943925233644786,0.1063164477798623,0.2213541666666661,85,1407,22
patchtst_event,4,20,85107,0.011711125569290819,0.5624999999999823,0.022944550669216034,0.05405405405405389,18,1519,14
patchtst_event,4,20,85111,0.003169572107765449,0.99999999999975,0.006319115323854652,0.015649452269170517,4,1258,0
patchtst_event,4,20,85112,0.0098468271334792,0.39130434782607,0.019210245464247558,0.04473161033797194,9,905,14
patchtst_event,4,20,85116,0.019578313253012035,0.8965517241379002,0.038319823139277766,0.09002770083102463,26,1302,3
patchtst_event,4,20,85117,0.04370761115297661,0.7435897435897341,0.08256227758007106,0.1769371568029281,58,1269,20
patchtst_event,4,20,85118,0.1590243902439023,0.779904306220092,0.26418152350081,0.43793659322944545,163,862,46
patchtst_event,4,20,85119,0.0,0.0,0.0,0.0,0,338,30
patchtst_event,4,20,85120,0.0,0.0,0.0,0.0,0,15,15
patchtst_event,4,20,85121,0.02363755745239657,0.6666666666666543,0.04565630944831953,0.10350776308223086,36,1487,18
patchtst_event,4,20,85122,0.020423048869438354,0.9655172413792771,0.03999999999999995,0.09414929388029558,28,1343,1
patchtst_event,4,20,85123,0.06553398058252423,0.8437499999999912,0.12162162162162146,0.2499999999999993,81,1155,15
patchtst_event,4,20,85124,0.02609727164887304,0.5945945945945785,0.049999999999999885,0.1109989909182638,22,821,15
patchtst_event,4,20,85125,0.0,0.0,0.0,0.0,0,455,35
patchtst_event,4,20,85126,0.0,0.0,0.0,0.0,0,721,0
patchtst_event,4,20,85201,0.009751773049645382,0.4583333333333143,0.019097222222222193,0.04493464052287564,11,1117,13
patchtst_event,4,20,85202,0.011383537653239921,0.9999999999999231,0.022510822510822474,0.05443886097152406,13,1129,0
patchtst_event,4,20,85204,0.018915510718789382,0.31914893617020595,0.03571428571428563,0.07645259938837881,15,778,32
patchtst_event,4,20,85207,0.03214285714285712,0.4736842105263096,0.060200668896320975,0.12640449438202206,36,1084,40
patchtst_event,4,20,85208,0.020705521472392623,0.6923076923076745,0.04020848845867456,0.09246575342465722,27,1277,12
patchtst_event,4,20,85209,0.10667996011964097,0.7229729729729681,0.18592528236316214,0.33542319749216193,107,896,41
patchtst_event,4,20,85211,0.0009910802775024766,0.026315789473683515,0.0019102196752626512,0.004306632213608939,1,1008,37
patchtst_event,4,20,85214,0.012747875354107641,0.666666666666642,0.025017373175816506,0.059210526315789276,18,1394,9
patchtst_event,4,20,85215,0.03246167718665462,0.8999999999999775,0.06266318537858998,0.1418439716312051,36,1073,4
patchtst_event,4,20,85216,0.0994263862332695,0.8188976377952691,0.1773231031543049,0.3346203346203335,104,942,23
patchtst_event,4,20,85217,0.034567901234567815,0.6363636363636075,0.06557377049180296,0.14198782961460302,14,391,8
patchtst_event,4,20,85218,0.03416149068322976,0.268292682926826,0.060606060606060434,0.11316872427983482,22,622,60
patchtst_event,4,20,85219,0.003184713375796175,0.59999999999988,0.006335797254487843,0.01559251559251551,3,939,2
patchtst_event,4,20,85220,0.07135135135135127,0.835443037974673,0.13147410358565711,0.265914585012086,66,859,13
patchtst_event,4,20,85221,0.007125890736342038,0.9999999999998889,0.014150943396226396,0.034642032332563376,9,1254,0
patchtst_event,4,20,85222,0.037037037037037,0.38888888888888457,0.06763285024154576,0.13409961685823704,35,910,55
patchtst_event,4,20,85224,0.024390243902439008,0.6382978723404119,0.04698512137823015,0.10578279266572602,30,1200,17
patchtst_event,5,25,85101,0.011424219345011416,0.9374999999999415,0.02257336343115121,0.054466230936818974,15,1298,1
patchtst_event,5,25,85102,0.057446808510638235,0.7826086956521626,0.10703666997026738,0.22203947368420962,54,886,15
patchtst_event,5,25,85104,0.012509197939661508,0.809523809523771,0.024637681159420256,0.05890505890505872,17,1342,4
patchtst_event,5,25,85105,0.0416348357524828,0.5956284153005432,0.07782934666190641,0.16268656716417887,109,2509,74
patchtst_event,5,25,85106,0.06367292225201068,0.8119658119658051,0.11808576755748898,0.2423469387755096,95,1397,22
patchtst_event,5,25,85107,0.014313597918022112,0.6111111111110941,0.027972027972027934,0.06543723973825084,22,1515,14
patchtst_event,5,25,85111,0.003961965134706812,0.9999999999997999,0.007892659826361474,0.019500780031201176,5,1257,0
patchtst_event,5,25,85112,0.013129102844638935,0.4615384615384438,0.025531914893616968,0.05893909626719027,12,902,14
patchtst_event,5,25,85116,0.02334337349397589,0.911764705882326,0.045521292217327404,0.10587431693989036,31,1297,3
patchtst_event,5,25,85117,0.0489826676714393,0.7386363636363553,0.09187279151943449,0.19356759976176238,65,1262,23
patchtst_event,5,25,85118,0.16975609756097546,0.7837837837837802,0.27906976744186,0.4547830632514364,174,851,48
patchtst_event,5,25,85119,0.0,0.0,0.0,0.0,0,338,34
patchtst_event,5,25,85120,0.0,0.0,0.0,0.0,0,15,18
patchtst_event,5,25,85121,0.026920551543007206,0.6949152542372763,0.05183312262958274,0.11654349061966993,41,1482,18
patchtst_event,5,25,85122,0.023340627279358116,0.9696969696969403,0.04558404558404552,0.10645375914836958,32,1339,1
patchtst_event,5,25,85123,0.06957928802588992,0.8514851485148431,0.1286462228870604,0.26219512195121875,86,1150,15
patchtst_event,5,25,85124,0.03084223013048632,0.6341463414633991,0.058823529411764566,0.12909632571995963,26,817,15
patchtst_event,5,25,85125,0.0,0.0,0.0,0.0,0,455,39
patchtst_event,5,25,85126,0.0,0.0,0.0,0.0,0,721,0
patchtst_event,5,25,85201,0.011524822695035452,0.4814814814814637,0.022510822510822474,0.05258899676375384,13,1115,14
patchtst_event,5,25,85202,0.013134851138353755,0.9999999999999333,0.02592912705272252,0.06239600665557378,15,1127,0
patchtst_event,5,25,85204,0.021437578814627968,0.320754716981126,0.04018912529550817,0.08457711442786027,17,776,36
patchtst_event,5,25,85207,0.03749999999999997,0.4941176470588177,0.06970954356846462,0.14383561643835568,42,1078,43
patchtst_event,5,25,85208,0.02530674846625765,0.733333333333317,0.04892512972572269,0.11118598382749288,33,1271,12
patchtst_event,5,25,85209,0.11465603190428703,0.7142857142857099,0.19759450171821275,0.3491196114146924,115,888,46
patchtst_event,5,25,85211,0.0009910802775024766,0.024999999999999373,0.0019065776930409875,0.004277159965782702,1,1008,39
patchtst_event,5,25,85214,0.01416430594900849,0.6896551724137694,0.027758501040943753,0.06544502617801026,20,1392,9
patchtst_event,5,25,85215,0.03606853020739402,0.9090909090908884,0.06938421509106667,0.15564202334630295,40,1069,4
patchtst_event,5,25,85216,0.10803059273422552,0.818840579710139,0.19087837837837804,0.3535669586983719,113,933,25
patchtst_event,5,25,85217,0.037037037037036945,0.624999999999974,0.06993006993006959,0.14970059880239373,15,390,9
patchtst_event,5,25,85218,0.03726708074534155,0.2666666666666637,0.06539509536784723,0.119521912350597,24,620,66
patchtst_event,5,25,85219,0.003184713375796175,0.4999999999999167,0.00632911392405062,0.015527950310558926,3,939,3
patchtst_event,5,25,85220,0.07783783783783775,0.8470588235294019,0.1425742574257423,0.284584980237153,72,853,13
patchtst_event,5,25,85221,0.007917656373713375,0.9999999999999,0.015710919088766664,0.03837298541826539,10,1253,0
patchtst_event,5,25,85222,0.04021164021164017,0.38775510204081237,0.07286673058485124,0.1421091997008222,38,907,60
patchtst_event,5,25,85224,0.026829268292682906,0.6346153846153724,0.05148205928237121,0.11474269819193285,33,1197,19
patchtst_event,6,30,85101,0.012947448591012939,0.944444444444392,0.02554470323065361,0.06137184115523444,17,1296,1
patchtst_event,6,30,85102,0.06276595744680845,0.7662337662337564,0.11602753195673528,0.2363782051282042,59,881,18
patchtst_event,6,30,85104,0.013980868285504038,0.7916666666666338,0.02747650036153286,0.06529209621993105,19,1340,5
patchtst_event,6,30,85105,0.04660045836516423,0.6039603960396009,0.0865248226950354,0.17805020431990634,122,2496,80
patchtst_event,6,30,85106,0.0703753351206434,0.8267716535433006,0.1297096973440394,0.2624999999999994,105,1387,22
patchtst_event,6,30,85107,0.016916070266753406,0.6499999999999837,0.032974001268230774,0.07660577489687662,26,1511,14
patchtst_event,6,30,85111,0.004754358161648174,0.9999999999998334,0.009463722397476327,0.02332814930015543,6,1256,0
patchtst_event,6,30,85112,0.015317286652078757,0.48275862068963854,0.02969247083775179,0.06796116504854335,14,900,15
patchtst_event,6,30,85116,0.02635542168674697,0.8974358974358744,0.05120702267739568,0.1179245283018864,35,1293,4
patchtst_event,6,30,85117,0.05350414468726447,0.72448979591836,0.09964912280701742,0.20651541593949915,71,1256,27
patchtst_event,6,30,85118,0.1804878048780486,0.7872340425531882,0.29365079365079316,0.47073791348600386,185,840,50
patchtst_event,6,30,85119,0.0,0.0,0.0,0.0,0,338,38
patchtst_event,6,30,85120,0.0,0.0,0.0,0.0,0,15,20
patchtst_event,6,30,85121,0.03020354563361784,0.7187499999999888,0.057971014492753555,0.12928611579539032,46,1477,18
patchtst_event,6,30,85122,0.02625820568927788,0.9729729729729466,0.05113636363636356,0.11849901250822871,36,1335,1
patchtst_event,6,30,85123,0.07362459546925561,0.8584905660377278,0.13561847988077477,0.27409638554216786,91,1145,15
patchtst_event,6,30,85124,0.0355871886120996,0.6666666666666519,0.0675675675675674,0.14662756598240395,30,813,15
patchtst_event,6,30,85125,0.0,0.0,0.0,0.0,0,455,43
patchtst_event,6,30,85126,0.0,0.0,0.0,0.0,0,721,0
patchtst_event,6,30,85201,0.013297872340425522,0.49999999999998335,0.025906735751295294,0.060096153846153605,15,1113,15
patchtst_event,6,30,85202,0.014010507880910673,0.9999999999999376,0.027633851468048313,0.06633499170812576,16,1126,0
patchtst_event,6,30,85204,0.02395964691046655,0.3220338983050793,0.044600938967136045,0.09232264334305106,19,774,40
patchtst_event,6,30,85207,0.04285714285714282,0.516129032258059,0.07914262159934035,0.16085790884718446,48,1072,45
patchtst_event,6,30,85208,0.02990797546012268,0.7647058823529261,0.05756457564575637,0.12931034482758583,39,1265,12
patchtst_event,6,30,85209,0.12263210368893307,0.7109826589595335,0.20918367346938738,0.36283185840707854,123,880,50
patchtst_event,6,30,85211,0.0009910802775024766,0.023809523809523243,0.0019029495718363423,0.004248088360237874,1,1008,41
patchtst_event,6,30,85214,0.015580736543909339,0.7096774193548159,0.03049203049203045,0.0716145833333331,22,1390,9
patchtst_event,6,30,85215,0.03967538322813342,0.9166666666666475,0.07605877268798605,0.16910069177555662,44,1065,4
patchtst_event,6,30,85216,0.11663479923518154,0.8187919463087193,0.2041841004184097,0.37149817295980403,122,924,27
patchtst_event,6,30,85217,0.039506172839506075,0.6153846153845918,0.07424593967517366,0.15717092337917332,16,389,10
patchtst_event,6,30,85218,0.040372670807453354,0.2653061224489769,0.07008086253369254,0.12548262548262487,26,618,72
patchtst_event,6,30,85219,0.003184713375796175,0.4285714285713673,0.006322444678609048,0.015463917525773115,3,939,4
patchtst_event,6,30,85220,0.08324324324324316,0.8461538461538369,0.151574803149606,0.29868114817688013,77,848,14
patchtst_event,6,30,85221,0.008709422011084713,0.9999999999999091,0.017268445839874382,0.042081101759755,11,1252,0
patchtst_event,6,30,85222,0.04338624338624334,0.38679245283018504,0.07802093244529006,0.1497443389335276,41,904,65
patchtst_event,6,30,85224,0.029268292682926807,0.6315789473684099,0.05594405594405586,0.12345679012345637,36,1194,21
patchtst_event,7,35,85101,0.01447067783701446,0.9499999999999525,0.028507126781695383,0.06819813352476645,19,1294,1
patchtst_event,7,35,85102,0.06808510638297866,0.7529411764705795,0.12487804878048757,0.24999999999999903,64,876,21
patchtst_event,7,35,85104,0.015452538631346569,0.777777777777749,0.030303030303030266,0.07157464212678913,21,1338,6
patchtst_event,7,35,85105,0.051566080977845666,0.6108597285067846,0.09510390982740395,0.19274700171330642,135,2483,86
patchtst_event,7,35,85106,0.07640750670241282,0.8321167883211619,0.13996316758747682,0.27941176470588164,114,1378,23
patchtst_event,7,35,85107,0.019518542615484698,0.6818181818181663,0.03795066413662234,0.0875656742556915,30,1507,14
patchtst_event,7,35,85111,0.005546751188589536,0.9999999999998571,0.011032308904649313,0.027131782945736333,7,1255,0
patchtst_event,7,35,85112,0.01750547045951858,0.49999999999998435,0.0338266384778012,0.07677543186180387,16,898,16
patchtst_event,7,35,85116,0.029367469879518052,0.8863636363636161,0.05685131195335268,0.1296542553191485,39,1289,5
patchtst_event,7,35,85117,0.05727204220045211,0.7037037037036972,0.10592334494773506,0.21603183627060774,76,1251,32
patchtst_event,7,35,85118,0.1912195121951218,0.7903225806451581,0.30793401413982674,0.48587010411502113,196,829,52
patchtst_event,7,35,85119,0.0,0.0,0.0,0.0,0,338,42
patchtst_event,7,35,85120,0.0,0.0,0.0,0.0,0,15,22
patchtst_event,7,35,85121,0.03348653972422848,0.739130434782598,0.0640703517587939,0.1417454141189546,51,1472,18
patchtst_event,7,35,85122,0.029175784099197646,0.9756097560975371,0.05665722379603392,0.13029315960912008,40,1331,1
patchtst_event,7,35,85123,0.0776699029126213,0.8648648648648571,0.14253897550111336,0.2857142857142849,96,1140,15
patchtst_event,7,35,85124,0.03914590747330956,0.6734693877550882,0.07399103139013435,0.15880654475457093,33,810,16
patchtst_event,7,35,85125,0.0,0.0,0.0,0.0,0,455,47
patchtst_event,7,35,85126,0.0,0.0,0.0,0.0,0,721,0
patchtst_event,7,35,85201,0.01507092198581559,0.5151515151514995,0.029285099052540862,0.06746031746031719,17,1111,16
patchtst_event,7,35,85202,0.014886164623467589,0.9999999999999413,0.02933563416738563,0.07024793388429723,17,1125,0
patchtst_event,7,35,85204,0.025220680958385845,0.307692307692303,0.04662004662004651,0.09496676163342783,20,773,45
patchtst_event,7,35,85207,0.047321428571428535,0.5247524752475196,0.08681408681408669,0.17388451443569497,53,1067,48
patchtst_event,7,35,85208,0.034509202453987704,0.7894736842105124,0.06612784717119756,0.14686684073107,45,1259,12
patchtst_event,7,35,85209,0.13060817547357914,0.7081081081081043,0.22053872053872017,0.3757888697647723,131,872,54
patchtst_event,7,35,85211,0.0009910802775024766,0.02272727272727221,0.0018993352326685622,0.004219409282700404,1,1008,43
patchtst_event,7,35,85214,0.016997167138810186,0.7272727272727052,0.03321799307958473,0.07772020725388576,24,1388,9
patchtst_event,7,35,85215,0.04328223624887282,0.9230769230769053,0.08268733850129185,0.18223234624145718,48,1061,4
patchtst_event,7,35,85216,0.12523900573613755,0.8187499999999949,0.21724709784411242,0.38849347568208664,131,915,29
patchtst_event,7,35,85217,0.041975308641975205,0.6071428571428354,0.07852193995381027,0.16441005802707773,17,388,11
patchtst_event,7,35,85218,0.04503105590062104,0.2735849056603748,0.07733333333333312,0.13576779026217164,29,615,77
patchtst_event,7,35,85219,0.004246284501061567,0.4999999999999375,0.00842105263157893,0.020533880903490655,4,938,4
patchtst_event,7,35,85220,0.08864864864864855,0.8453608247422594,0.16046966731898205,0.3122619954303111,82,843,15
patchtst_event,7,35,85221,0.00950118764845605,0.9999999999999166,0.01882352941176468,0.04576659038901584,12,1251,0
patchtst_event,7,35,85222,0.045502645502645454,0.3771929824561371,0.08120868744098192,0.15346181299072037,43,902,71
patchtst_event,7,35,85224,0.03170731707317071,0.6290322580645059,0.06037151702786368,0.13193504736129863,39,1191,23
patchtst_event,8,40,85101,0.01599390708301598,0.9545454545454112,0.031460674157303324,0.07494646680942157,21,1292,1
patchtst_event,8,40,85102,0.07446808510638289,0.7526881720430028,0.13552758954501423,0.26676829268292584,70,870,23
patchtst_event,8,40,85104,0.016924208977189097,0.7666666666666412,0.033117350611950994,0.07775524002704504,23,1336,7
patchtst_event,8,40,85105,0.05576776165011457,0.6083333333333308,0.10216934919524136,0.20402459474566767,146,2472,94
patchtst_event,8,40,85106,0.08243967828418225,0.8367346938775454,0.15009151921903582,0.29567307692307626,123,1369,24
patchtst_event,8,40,85107,0.021470396877033168,0.6874999999999857,0.04164037854889585,0.09543088490456883,33,1504,15
patchtst_event,8,40,85111,0.006339144215530898,0.999999999999875,0.012598425196850373,0.030911901081916417,8,1254,0
patchtst_event,8,40,85112,0.0196936542669584,0.5142857142856996,0.03793466807165429,0.08538899430739996,18,896,17
patchtst_event,8,40,85116,0.032379518072289136,0.8775510204081454,0.062454611474219233,0.1410761154855639,43,1285,6
patchtst_event,8,40,85117,0.061039939713639746,0.6864406779660959,0.11211072664359846,0.22512506948304553,81,1246,37
patchtst_event,8,40,85118,0.20195121951219494,0.793103448275859,0.32192846034214573,0.5002416626389548,207,818,54
patchtst_event,8,40,85119,0.0,0.0,0.0,0.0,0,338,46
patchtst_event,8,40,85120,0.0,0.0,0.0,0.0,0,15,24
patchtst_event,8,40,85121,0.03676953381483911,0.7567567567567466,0.07013149655604249,0.15393073117097267,56,1467,18
patchtst_event,8,40,85122,0.03209336250911741,0.977777777777756,0.062146892655367145,0.1418439716312052,44,1327,1
patchtst_event,8,40,85123,0.081715210355987,0.8706896551724064,0.14940828402366843,0.29705882352941093,101,1135,15
patchtst_event,8,40,85124,0.0415183867141162,0.6603773584905536,0.07812499999999982,0.16587677725118405,35,808,18
patchtst_event,8,40,85125,0.0,0.0,0.0,0.0,0,455,51
patchtst_event,8,40,85126,0.0,0.0,0.0,0.0,0,721,0
patchtst_event,8,40,85201,0.01684397163120566,0.5277777777777631,0.03264604810996558,0.07468553459119467,19,1109,17
patchtst_event,8,40,85202,0.015761821366024505,0.9999999999999445,0.03103448275862064,0.07413509060955488,18,1124,0
patchtst_event,8,40,85204,0.026481715006305136,0.2957746478873198,0.048611111111111,0.09749303621169869,21,772,50
patchtst_event,8,40,85207,0.05178571428571424,0.5321100917431144,0.09438567941415771,0.1863753213367603,58,1062,51
patchtst_event,8,40,85208,0.03834355828220856,0.8064516129032128,0.07320644216691058,0.1610824742268036,50,1254,12
patchtst_event,8,40,85209,0.13858424725822518,0.7055837563451741,0.23166666666666627,0.3880513679508643,139,864,58
patchtst_event,8,40,85211,0.0009910802775024766,0.021739130434782136,0.0018957345971563943,0.004191114836546503,1,1008,45
patchtst_event,8,40,85214,0.018413597733711037,0.7428571428571216,0.03593642017968206,0.08376288659793787,26,1386,9
patchtst_event,8,40,85215,0.04688908926961222,0.928571428571412,0.08927038626609426,0.19504876219054693,52,1057,4
patchtst_event,8,40,85216,0.13384321223709358,0.818713450292393,0.23007395234182382,0.4046242774566463,140,906,31
patchtst_event,8,40,85217,0.041975308641975205,0.5666666666666478,0.07816091954022952,0.16190476190476036,17,388,13
patchtst_event,8,40,85218,0.05124223602484464,0.2894736842105238,0.08707124010554067,0.14999999999999933,33,611,81
patchtst_event,8,40,85219,0.005307855626326958,0.5555555555554939,0.010515247108307023,0.02556237218813893,5,937,4
patchtst_event,8,40,85220,0.09405405405405395,0.8446601941747491,0.16926070038910473,0.3253552729992509,87,838,16
patchtst_event,8,40,85221,0.010292953285827388,0.9999999999999231,0.02037617554858931,0.049429657794676625,13,1250,0
patchtst_event,8,40,85222,0.048677248677248625,0.3770491803278658,0.08622305529522009,0.16050244242847114,46,899,76
patchtst_event,8,40,85224,0.03333333333333331,0.6119402985074536,0.06322282189668457,0.13684913217623454,41,1189,26
patchtst_event,9,45,85101,0.017517136329017503,0.9583333333332935,0.03440538519072545,0.08161816891412318,23,1290,1
patchtst_event,9,45,85102,0.08085106382978714,0.752475247524745,0.14601344860710827,0.2827380952380941,76,864,25
patchtst_event,9,45,85104,0.01839587932303163,0.7575757575757346,0.03591954022988501,0.08383635144198497,25,1334,8
patchtst_event,9,45,85105,0.05920550038197095,0.598455598455596,0.10775112964893979,0.21209633278598763,155,2463,104
patchtst_event,9,45,85106,0.08847184986595169,0.8407643312101858,0.16009702850212232,0.3113207547169804,132,1360,25
patchtst_event,9,45,85107,0.023422251138581637,0.692307692307679,0.04531151667715538,0.10315186246418306,36,1501,16
patchtst_event,9,45,85111,0.007131537242472261,0.9999999999998889,0.014162077104641993,0.03466872110939894,9,1253,0
patchtst_event,9,45,85112,0.021881838074398224,0.5263157894736703,0.04201680672268898,0.0938086303939958,20,894,18
patchtst_event,9,45,85116,0.035391566265060216,0.8703703703703543,0.06801736613603464,0.1522020725388596,47,1281,7
patchtst_event,9,45,85117,0.06480783722682738,0.6718749999999948,0.11821305841924383,0.23382272974442564,86,1241,42
patchtst_event,9,45,85118,0.2126829268292681,0.7956204379562014,0.33564280215550374,0.5139085337105127,218,807,56
patchtst_event,9,45,85119,0.0,0.0,0.0,0.0,0,338,50
patchtst_event,9,45,85120,0.0,0.0,0.0,0.0,0,15,26
patchtst_event,9,45,85121,0.04005252790544975,0.7721518987341675,0.07615480649188505,0.16585100598151126,61,1462,18
patchtst_event,9,45,85122,0.03501094091903718,0.9795918367346739,0.06760563380281681,0.15315890236119928,48,1323,1
patchtst_event,9,45,85123,0.08495145631067955,0.8677685950413152,0.15475313190862175,0.305232558139534,105,1131,16
patchtst_event,9,45,85124,0.04389086595492284,0.6491228070175324,0.08222222222222204,0.17273576097105428,37,806,20
patchtst_event,9,45,85125,0.0,0.0,0.0,0.0,0,455,55
patchtst_event,9,45,85126,0.0,0.0,0.0,0.0,0,721,0
patchtst_event,9,45,85201,0.01861702127659573,0.5384615384615247,0.03598971722365033,0.08177570093457913,21,1107,18
patchtst_event,9,45,85202,0.016637478108581422,0.9999999999999475,0.03273040482342802,0.07799671592775008,19,1123,0
patchtst_event,9,45,85204,0.027742749054224428,0.28571428571428203,0.05057471264367804,0.0999091734786553,22,771,55
patchtst_event,9,45,85207,0.05624999999999995,0.5384615384615339,0.10185933710590121,0.19836272040302205,63,1057,54
patchtst_event,9,45,85208,0.04217791411042942,0.8208955223880475,0.08023340627279348,0.1749363867684473,55,1249,12
patchtst_event,9,45,85209,0.14656031904287123,0.7033492822966474,0.24257425742574218,0.39967373572593695,147,856,62
patchtst_event,9,45,85211,0.0009910802775024766,0.0208333333333329,0.0018921475875118218,0.004163197335553688,1,1008,47
patchtst_event,9,45,85214,0.019830028328611884,0.7567567567567363,0.038647342995169025,0.08974358974358947,28,1384,9
patchtst_event,9,45,85215,0.05049594229035163,0.9333333333333177,0.09580838323353279,0.2075611564121564,56,1053,4
patchtst_event,9,45,85216,0.14244741873804959,0.8232044198894982,0.24286878565607134,0.4209039548022587,149,897,32
patchtst_event,9,45,85217,0.041975308641975205,0.5312499999999833,0.07780320366132688,0.15947467166979212,17,388,15
patchtst_event,9,45,85218,0.05434782608695644,0.286885245901637,0.09138381201044363,0.15459363957597105,35,609,87
patchtst_event,9,45,85219,0.00636942675159235,0.59999999999994,0.012605042016806697,0.030549898167005953,6,936,4
patchtst_event,9,45,85220,0.09945945945945935,0.8440366972476987,0.17794970986460312,0.3379867744305645,92,833,17
patchtst_event,9,45,85221,0.011084718923198724,0.9999999999999286,0.021926389976507404,0.053070507960576,14,1249,0
patchtst_event,9,45,85222,0.051851851851851795,0.37692307692307403,0.09116279069767425,0.1672354948805455,49,896,81
patchtst_event,9,45,85224,0.034959349593495906,0.597222222222214,0.06605222734254983,0.14163372859024984,43,1187,29
patchtst_event,10,50,85101,0.019040365575019026,0.9615384615384246,0.03734129947722176,0.08821453775582185,25,1288,1
patchtst_event,10,50,85102,0.08617021276595735,0.7431192660550391,0.15443279313632,0.2943313953488362,81,859,28
patchtst_event,10,50,85104,0.01986754966887416,0.7499999999999791,0.038709677419354785,0.08982035928143683,27,1332,9
patchtst_event,10,50,85105,0.06264323911382733,0.5899280575539546,0.11325966850828723,0.2198391420911525,164,2454,114
patchtst_event,10,50,85106,0.09450402144772112,0.844311377245504,0.16998191681735966,0.3263888888888882,141,1351,26
patchtst_event,10,50,85107,0.025374105400130107,0.696428571428559,0.04896421845574382,0.11073253833049373,39,1498,17
patchtst_event,10,50,85111,0.007923930269413624,0.9999999999999,0.01572327044025155,0.03840245775729633,10,1252,0
patchtst_event,10,50,85112,0.024070021881838048,0.5365853658536455,0.04607329842931928,0.10204081632653013,22,892,19
patchtst_event,10,50,85116,0.038403614457831296,0.8644067796610023,0.07354001441961057,0.16304347826086907,51,1277,8
patchtst_event,10,50,85117,0.0678221552373775,0.6521739130434736,0.12286689419795208,0.23948908994145762,90,1237,48
patchtst_event,10,50,85118,0.22439024390243884,0.8013937282229937,0.3506097560975605,0.5292222733548078,230,795,57
patchtst_event,10,50,85119,0.0,0.0,0.0,0.0,0,338,54
patchtst_event,10,50,85120,0.0,0.0,0.0,0.0,0,15,28
patchtst_event,10,50,85121,0.04333552199606038,0.7857142857142764,0.0821406347230864,0.17751479289940783,66,1457,18
patchtst_event,10,50,85122,0.03792851932895694,0.9811320754716796,0.07303370786516844,0.1642451042324695,52,1319,1
patchtst_event,10,50,85123,0.0881877022653721,0.8650793650793582,0.16005873715124797,0.31321839080459685,109,1127,17
patchtst_event,10,50,85124,0.04626334519572948,0.6393442622950715,0.08628318584070777,0.17939282428702766,39,804,22
patchtst_event,10,50,85125,0.0,0.0,0.0,0.0,0,455,59
patchtst_event,10,50,85126,0.0,0.0,0.0,0.0,0,721,0
patchtst_event,10,50,85201,0.0203900709219858,0.5476190476190346,0.03931623931623926,0.08873456790123424,23,1105,19
patchtst_event,10,50,85202,0.01751313485113834,0.99999999999995,0.03442340791738376,0.0818330605564645,20,1122,0
patchtst_event,10,50,85204,0.030264817150063014,0.28915662650602064,0.05479452054794508,0.10666666666666617,24,769,59
patchtst_event,10,50,85207,0.060714285714285665,0.5439999999999957,0.10923694779116451,0.20987654320987592,68,1052,57
patchtst_event,10,50,85208,0.04601226993865028,0.8333333333333218,0.08720930232558129,0.1884422110552758,60,1244,12
patchtst_event,10,50,85209,0.15254237288135578,0.6923076923076892,0.2499999999999996,0.4054054054054043,153,850,68
patchtst_event,10,50,85211,0.0009910802775024766,0.019999999999999598,0.0018885741265344624,0.004135649296939602,1,1008,49
patchtst_event,10,50,85214,0.019830028328611884,0.7179487179486995,0.038594073053066794,0.089285714285714,28,1384,11
patchtst_event,10,50,85215,0.05410279531109103,0.9374999999999855,0.10230179028132975,0.21978021978021897,60,1049,4
patchtst_event,10,50,85216,0.15105162523900562,0.827225130890048,0.2554567502021015,0.4364640883977889,158,888,33
patchtst_event,10,50,85217,0.041975308641975205,0.4999999999999853,0.07744874715261924,0.15711645101663443,17,388,17
patchtst_event,10,50,85218,0.05745341614906823,0.28461538461538244,0.09560723514211862,0.15893470790377937,37,607,93
patchtst_event,10,50,85219,0.007430997876857742,0.6363636363635785,0.014690451206715605,0.035496957403650935,7,935,4
patchtst_event,10,50,85220,0.10486486486486475,0.8434782608695579,0.18653846153846115,0.3501805054151612,97,828,18
patchtst_event,10,50,85221,0.011084718923198724,0.9333333333332711,0.021909233176838776,0.052910052910052706,14,1249,1
patchtst_event,10,50,85222,0.055026455026454965,0.37681159420289584,0.09602954755309308,0.1736806947227783,52,893,86
patchtst_event,10,50,85224,0.03658536585365851,0.5844155844155768,0.06885998469778108,0.14629388816644945,45,1185,32
patchtst_event,11,55,85101,0.020563594821020548,0.9642857142856799,0.04026845637583887,0.09473684210526284,27,1286,1
patchtst_event,11,55,85102,0.09148936170212756,0.7350427350427288,0.1627246925260167,0.3053977272727262,86,854,31
patchtst_event,11,55,85104,0.02133922001471669,0.7435897435897245,0.04148783977110152,0.0957095709570954,29,1330,10
patchtst_event,11,55,85105,0.0660809778456837,0.5824915824915805,0.11869639794168088,0.22727272727272696,173,2445,124
patchtst_event,11,55,85106,0.10053619302949056,0.8474576271186393,0.17974835230677033,0.3409090909090901,150,1342,27
patchtst_event,11,55,85107,0.027325959661678577,0.6999999999999883,0.052598622417031865,0.11817670230725909,42,1495,18
patchtst_event,11,55,85111,0.008716323296354985,0.9999999999999091,0.017282010997643333,0.04211332312404272,11,1251,0
patchtst_event,11,55,85112,0.02625820568927787,0.545454545454533,0.05010438413361159,0.11009174311926556,24,890,20
patchtst_event,11,55,85116,0.04141566265060238,0.8593749999999867,0.07902298850574703,0.17361111111111058,55,1273,9
patchtst_event,11,55,85117,0.0708364732479276,0.6351351351351309,0.1274576271186439,0.24491922876498115,94,1233,54
patchtst_event,11,55,85118,0.235121951219512,0.8033333333333306,0.3637735849056598,0.541573033707864,241,784,59
patchtst_event,11,55,85119,0.0,0.0,0.0,0.0,0,338,58
patchtst_event,11,55,85120,0.0,0.0,0.0,0.0,0,15,30
patchtst_event,11,55,85121,0.046618516086671016,0.7977528089887551,0.0880893300248138,0.18893028206492765,71,1452,18
patchtst_event,11,55,85122,0.04084609773887671,0.9824561403508599,0.07843137254901951,0.1751094434021258,56,1315,1
patchtst_event,11,55,85123,0.09142394822006465,0.8625954198473217,0.16532553035844894,0.3210227272727264,113,1123,18
patchtst_event,11,55,85124,0.04863582443653612,0.6307692307692211,0.09030837004405266,0.18585675430643617,41,802,24
patchtst_event,11,55,85125,0.0,0.0,0.0,0.0,0,455,63
patchtst_event,11,55,85126,0.0,0.0,0.0,0.0,0,721,0
patchtst_event,11,55,85201,0.02216312056737587,0.5555555555555431,0.042625745950554066,0.09556574923547366,25,1103,20
patchtst_event,11,55,85202,0.018388791593695258,0.9999999999999525,0.036113499570077326,0.08564437194127208,21,1121,0
patchtst_event,11,55,85204,0.0327868852459016,0.2921348314606709,0.058956916099773105,0.11314186248912049,26,767,63
patchtst_event,11,55,85207,0.06517857142857138,0.5488721804511237,0.11652035115722248,0.2209443099273601,73,1047,60
patchtst_event,11,55,85208,0.04984662576687113,0.8441558441558332,0.09413468501086156,0.20161290322580586,65,1239,12
patchtst_event,11,55,85209,0.15752741774675957,0.6781115879828298,0.2556634304207116,0.4082687338501282,158,845,75
patchtst_event,11,55,85211,0.0009910802775024766,0.01923076923076886,0.001885014137606028,0.004108463434675414,1,1008,51
patchtst_event,11,55,85214,0.019830028328611884,0.682926829268276,0.03854094975911901,0.08883248730964438,28,1384,13
patchtst_event,11,55,85215,0.05680793507664558,0.9264705882352806,0.10705182667799473,0.22809558291093332,63,1046,5
patchtst_event,11,55,85216,0.15965583173996162,0.8308457711442745,0.26784282277465876,0.4513513513513502,167,879,34
patchtst_event,11,55,85217,0.041975308641975205,0.47222222222220905,0.07709750566893389,0.15482695810564523,17,388,19
patchtst_event,11,55,85218,0.06366459627329182,0.2971014492753602,0.10485933503836291,0.17140468227424677,41,603,97
patchtst_event,11,55,85219,0.008492569002123133,0.6666666666666111,0.016771488469601643,0.0404040404040402,8,934,4
patchtst_event,11,55,85220,0.11027027027027014,0.8429752066115633,0.19502868068833615,0.36195883605393764,102,823,19
patchtst_event,11,55,85221,0.011084718923198724,0.8749999999999454,0.021892103205629364,0.05275056518462678,14,1249,2
patchtst_event,11,55,85222,0.05925925925925919,0.3835616438356138,0.10265811182401446,0.1831262262916933,56,889,90
patchtst_event,11,55,85224,0.03821138211382111,0.5731707317073101,0.07164634146341453,0.15083440308087243,47,1183,35
patchtst_event,12,60,85101,0.02208682406702207,0.9666666666666345,0.04318689501116896,0.10118632240055792,29,1284,1
patchtst_event,12,60,85102,0.0978723404255318,0.7359999999999941,0.17276995305164286,0.31944444444444337,92,848,33
patchtst_event,12,60,85104,0.022810890360559218,0.7380952380952205,0.0442541042112776,0.10150622134905009,31,1328,11
patchtst_event,12,60,85105,0.06951871657754008,0.5759493670886058,0.12406271301976815,0.23441524987120008,182,2436,134
patchtst_event,12,60,85106,0.10656836461125999,0.8502673796791399,0.1893984514592017,0.35491071428571347,159,1333,28
patchtst_event,12,60,85107,0.02927781392322705,0.7031249999999891,0.056214865708931853,0.1254880089235914,45,1492,19
patchtst_event,12,60,85111,0.009508716323296348,0.9999999999999166,0.018838304552590238,0.045801526717557085,12,1250,0
patchtst_event,12,60,85112,0.028446389496717694,0.5531914893616904,0.054110301768990524,0.11796733212341146,26,888,21
patchtst_event,12,60,85116,0.044427710843373464,0.8550724637681036,0.08446671438797411,0.18391521197007427,59,1269,10
patchtst_event,12,60,85117,0.07385079125847772,0.624203821656047,0.13207547169811304,0.25063938618925774,98,1229,59
patchtst_event,12,60,85118,0.2468292682926827,0.8083067092651731,0.37817638266068704,0.5555555555555542,253,772,60
patchtst_event,12,60,85119,0.0,0.0,0.0,0.0,0,338,62
patchtst_event,12,60,85120,0.0,0.0,0.0,0.0,0,15,32
patchtst_event,12,60,85121,0.04990151017728165,0.8085106382978637,0.0940012368583796,0.20010531858873037,76,1447,18
patchtst_event,12,60,85122,0.04376367614879647,0.9836065573770331,0.08379888268156414,0.18575851393188797,60,1311,1
patchtst_event,12,60,85123,0.09466019417475721,0.8602941176470525,0.17055393586005807,0.32865168539325756,117,1119,19
patchtst_event,12,60,85124,0.05100830367734276,0.6231884057970924,0.0942982456140349,0.19213583556747008,43,800,26
patchtst_event,12,60,85125,0.0,0.0,0.0,0.0,0,455,67
patchtst_event,12,60,85126,0.0,0.0,0.0,0.0,0,721,0
patchtst_event,12,60,85201,0.023936170212765936,0.5624999999999882,0.045918367346938695,0.10227272727272688,27,1101,21
patchtst_event,12,60,85202,0.019264448336252175,0.9999999999999546,0.03780068728522331,0.08943089430894276,22,1120,0
patchtst_event,12,60,85204,0.03530895334174018,0.2947368421052601,0.06306306306306292,0.11935208866155106,28,765,67
patchtst_event,12,60,85207,0.06874999999999995,0.546099290780138,0.12212529738302916,0.22862232779097325,77,1043,64
patchtst_event,12,60,85208,0.053680981595091985,0.8536585365853555,0.10101010101010087,0.2144607843137248,70,1234,12
patchtst_event,12,60,85209,0.16251246261216334,0.6653061224489769,0.2612179487179483,0.41099344427634793,163,840,82
patchtst_event,12,60,85211,0.001982160555004953,0.03703703703703635,0.0037629350893697002,0.008163265306122415,2,1007,52
patchtst_event,12,60,85214,0.019830028328611884,0.6511627906976593,0.03848797250859101,0.0883838383838381,28,1384,15
patchtst_event,12,60,85215,0.05951307484220013,0.916666666666654,0.11176968670618101,0.23622047244094407,66,1043,6
patchtst_event,12,60,85216,0.16826003824091765,0.8341232227488112,0.2800318217979311,0.46560846560846436,176,870,35
patchtst_event,12,60,85217,0.044444444444444335,0.4736842105263033,0.08126410835214411,0.16157989228007036,18,387,20
patchtst_event,12,60,85218,0.06987577639751541,0.3082191780821897,0.1139240506329111,0.18322475570032498,45,599,101
patchtst_event,12,60,85219,0.009554140127388524,0.692307692307639,0.018848167539266977,0.0452716297786718,9,933,4
patchtst_event,12,60,85220,0.11567567567567555,0.8425196850393635,0.20342205323193877,0.37334263782274824,107,818,20
patchtst_event,12,60,85221,0.011084718923198724,0.8235294117646575,0.021874999999999967,0.05259203606311025,14,1249,3
patchtst_event,12,60,85222,0.06349206349206342,0.3896103896103871,0.10919017288444019,0.1921844971172319,60,885,94
patchtst_event,12,60,85224,0.03983739837398371,0.5632183908045912,0.07441154138192851,0.1552598225602023,49,1181,38
